id,area,page,feature,story,expected,evidence,test_via,status,error_found,fix_ref,notes
APP-001,Product app,/analyze,CAD upload runs cost + DFM analysis,"As a manufacturing engineer, I want to drop a CAD file (STL/STEP/STP/IGES/IGS) so that the part is costed and DFM-analyzed in one pass.","Cold-start dropzone accepts CAD_ACCEPT types; on drop it fires POST /api/proxy/validate/cost (multipart: file, qty, cavities, complexity, material_class, units, optional shop/overrides) and POST /api/proxy/validate?units=... in parallel. Unsupported extension shows 'Unsupported file type' error without any request; an invalid qty list opens the options panel with 'Fix the quantity list before submitting.' Loading panes show per-tab spinner copy; session cookie is forwarded by the same-origin proxy (page redirects to /login when unauthenticated).","frontend/src/app/(app)/analyze/page.tsx; frontend/src/components/workspace/PartWorkspace.tsx L341-358, L307-339, L454-497; frontend/src/lib/api.ts L980-1063; frontend/src/app/(app)/layout.tsx L35",UI+API,RETEST-PASS,,,"Fresh analyst retest-app1-0806@proofshape.local. Dropzone accept='.stl,.step,.stp,.iges,.igs'; qa-box.stl drop fired POST /api/proxy/validate/cost + POST /api/proxy/validate?units=mm in parallel (both 200, <4s apart). bad.txt -> 'Unsupported file type. Use STL, STEP, STP, IGES or IGS.' with zero validate requests; qty 'abc' -> options panel open + 'Fix the quantity list before submitting.' and no request. Per-tab loading copy ('Analyzing across all manufacturing processes…') observed. Anonymous /analyze -> /login?next=%2Fanalyze."
APP-002,Product app,/analyze,Role lens + five-tab workspace,"As an engineer, I want tabs (Decision, Routing & DFM, Glass Box, Compare, History) and a Role Lens so that I can view the same report through my role's landing lens without anything being walled off.",/analyze lands on the 'mfg' role whose lens maps to the Routing & DFM tab; changing the role switches the landing tab (cost role also opens the Inspector). Glass Box and Compare tabs show EmptyState ('No cost breakdown yet' / 'Nothing to compare yet') until a cost report exists. 'New part' resets all state back to the dropzone.,"frontend/src/components/workspace/PartWorkspace.tsx L111-131, L228-232, L580-584, L705-742",UI,RETEST-PASS,,,Five tabs Decision|Routing & DFM|Glass Box|Compare|History. /analyze (mfg lens) lands on Routing & DFM; Cost eng -> Glass Box with Inspector auto-open; Sourcing -> Compare. With no cost report (qa-broken.stl GEOMETRY_INVALID) Glass Box shows 'No cost breakdown yet' and Compare 'Nothing to compare yet'. 'New part' resets to the cold-start dropzone.
APP-003,Product app,/analyze,Two-way 3D issue linking,"As a manufacturing engineer, I want DFM findings linked to the 3D part so that clicking a face or a blocker highlights the exact geometry.","On the Routing tab, clicking a mesh face that belongs to an issue's affected_faces_sample selects that issue and highlights its faces in a severity-mapped hex color (ghosting the rest); selecting an issue in the list highlights its faces. Highlighting a process with no geometry-linked faces raises a toast 'No geometry-linked faces reported for <process>'.","frontend/src/components/workspace/PartWorkspace.tsx L395-418, L546-549, L601-650",UI,RETEST-PASS,,,"Selecting the draft/sidewall issue row on the Routing tab selected it and showed the 'Highlighting <CODE>… click another blocker, or a face' note with severity-colored face highlight. Canvas face-click and the no-geometry-linked-faces toast were not deterministically exercisable (all matrix blockers on this part have geometry-linked issues); no deviation observed."
APP-004,Product app,/analyze,"Shop calibration, overrides and scenarios","As a cost engineer, I want to bind a shop profile, override rates, and save scenarios so that estimates use real calibrated numbers I can recall.",GET /api/proxy/shops populates bindable shop profiles; selecting one re-runs POST /validate/cost with shop=<id> and toasts 'Calibrating to <name>…'. Applying an override or cavity count re-costs server-side with overrides JSON; 'Clear overrides' resets them. 'Save as scenario' stores a session-local chip (label = shop · overrides · qty) whose click recalls those options and re-costs; scenarios are lost on reset.,"frontend/src/components/workspace/PartWorkspace.tsx L184-192, L236-303; frontend/src/lib/api.ts L950-952, L993-998",UI+API,RETEST-PASS,,,"GET /api/proxy/shops 200 on mount. Binding a shop from the calibration pill toasted 'Calibrating to …', re-ran POST /validate/cost (200) and flipped badge to 'Calibrated to'. Glass Box driver rate editor applied an override (re-cost 200, '1 override applied' chip); 'Reset overrides' re-cost + 'Cleared overrides' toast. 'Save as scenario' stored a session chip; clicking the chip recalled options and re-cost. Scenarios session-local (cleared on reset)."
APP-005,Product app,/analyze,Geometry-invalid and error states,"As a user, I want honest failure states so that a broken mesh or server error tells me what to do instead of a blank screen.","A 400 with code GEOMETRY_INVALID from POST /validate/cost renders the CostGeometryInvalidCard (reason + measured geometry) and a 'Geometry invalid' badge instead of a generic error. Other cost failures render ErrorState with a Retry that re-costs; DFM failure renders 'Analysis unavailable' with retry re-running POST /validate. 429 and 5xx raise toasts ('Rate limit exceeded…', 'Server error. We've been notified.').","frontend/src/components/workspace/PartWorkspace.tsx L307-339, L655-702; frontend/src/lib/api.ts L960-967, L1024-1047",UI+API,RETEST-PASS,,,"qa-broken.stl: POST /validate/cost 400 GEOMETRY_INVALID -> CostGeometryInvalidCard (repair reason + measured volume/watertight geometry), no generic error; 'Geometry invalid' header badge confirmed shown while DFM was pending (badge is replaced by the real DFM verdict once /validate resolves, per headerBadge logic). Screenshot retest-APP-005-badge.png. 429/5xx toasts and generic ErrorState retries not force-triggerable (no fault injection); no deviation observed."
APP-006,Product app,/analyze,Unit warnings + resident Inspector,"As an engineer, I want unit-ambiguity warnings and a lineage Inspector so that I can trust and trace the numbers.",report.unit_warnings render in a persistent UnitWarningBanner until the user confirms mm vs inch and re-costs (re-cost re-runs BOTH cost and DFM with the declared units). The collapsible DecisionInspector anchors to the make-now stable-quantity estimate and exposes Lineage/Governance/Sources/Audit tabs (defaults to Sources for the cost role); overrides applied from it trigger a real server re-cost.,"frontend/src/components/workspace/PartWorkspace.tsx L209-219, L373-379, L587, L758-769",UI,RETEST-PASS,,,"0.3mm cube produced unit_warnings -> persistent [data-testid=cad-unit-warning] banner ('Confirm CAD source units before using this decision.' + implausible-volume message). Adjust inputs -> units=Inches -> 'Re-cost with these inputs' re-ran BOTH /validate/cost and /validate?units=inch (200/200); banner cleared. Inspector exposes Lineage/Governance/Sources/Audit tabs, defaults to Sources for cost role; Inspector-applied overrides trigger a real server re-cost (verified via Glass Box path in APP-004)."
APP-007,Product app,/analyze,"History tab: scenarios, copy summary, durable artifact","As a user, I want a History tab so that I can recall session scenarios, copy a decision summary, and jump to durable cost decisions.","With no report, EmptyState 'No history yet'. With a report: saved scenario chips (click recalls + re-costs), 'Open cost history' navigates to /cost-decisions, and 'Copy decision summary' writes a plaintext make-by/crossover/DFM summary to the clipboard (success/failure toasts). When the authed cost route persisted the decision (report.saved present and cost-persist UI flag on), a CostArtifactBar offers open/PDF/JSON/CSV/share actions against /cost-decisions/{id} endpoints.","frontend/src/components/workspace/PartWorkspace.tsx L678-680, L744-751, L797-915; frontend/src/components/instrument/CostArtifactBar.tsx L101-153",UI,RETEST-PASS,,,"'No history yet' EmptyState with no report. With report: saved scenario chips recallable (re-cost fired), 'Open cost history' navigated to /cost-decisions, 'Copy decision summary' wrote plaintext summary to clipboard ('ProofShape — qa-box.stl / Make by MJF…' + 'Decision summary copied' toast). report.saved present -> CostArtifactBar ('Saved to cost history' with Open in history/PDF/JSON/CSV/RFQ ZIP/Share)."
APP-008,Product app,/analyses/[id],View a saved analysis,"As a user, I want to open a saved analysis from history so that I can review its full DFM dashboard.",GET /api/proxy/analyses/{id} on mount; spinner while loading; on failure renders 'Analysis not found' ErrorState with a 'Back to history' link. Success renders the filename/file-type/date header and the full AnalysisDashboard from result_json.,"frontend/src/app/(app)/analyses/[id]/page.tsx L39-76, L78-143; frontend/src/lib/api.ts L590-592",UI+API,RETEST-PASS,,,GET /api/proxy/analyses/{id} on mount; filename/STL/date header + full dashboard rendered for qa-box analysis. Bogus ULID -> 'Analysis not found' ErrorState with 'Back to history' link.
APP-009,Product app,/analyses/[id],Share / unshare analysis,"As a user, I want to create and revoke a public share link so that others can view the analysis without an account.","'Share' calls POST /api/proxy/analyses/{id}/share and opens a modal with the returned share_url; when shared, a revoke path calls DELETE on the same endpoint and returns the button to unshared state. Failures toast the API error message.",frontend/src/components/ShareButton.tsx L38-66; frontend/src/lib/api.ts L507-519,UI+API,RETEST-PASS,,,Share POST /api/proxy/analyses/{id}/share 200 -> modal with share_url http://localhost:3000/s/<token> (readonly input) + Copy link/Revoke; Revoke DELETE 200 returned button to unshared 'Share' state.
APP-010,Product app,/analyses/[id],Download DFM PDF report,"As a user, I want to download the DFM report as PDF so that I can circulate it.",Button fetches GET /api/proxy/analyses/{id}/pdf and triggers a browser download named '<stem>-dfm-report.pdf'; shows 'Generating PDF…' while loading and toasts on failure.,frontend/src/components/PdfDownloadButton.tsx; frontend/src/lib/api.ts L538-556,UI+API,RETEST-PASS,,,GET /api/proxy/analyses/{id}/pdf 200 downloaded 'qa-box-dfm-report.pdf' (valid %PDF); 'Generating PDF…' label observed while loading.
APP-011,Product app,/analyses/[id],Mesh repair with comparison,"As a user, I want to attempt automatic mesh repair on a broken analysis so that I can compare before/after results.","'Attempt mesh repair' renders ONLY when universal_issues include a repairable code (NON_WATERTIGHT, INCONSISTENT_NORMALS, NOT_SOLID_VOLUME, DEGENERATE_FACES, MULTIPLE_BODIES). Since the original file is not stored, clicking opens a file picker to re-select it, then POST /api/proxy/validate/repair; success swaps the dashboard for a RepairComparison view; failure toasts.","frontend/src/components/RepairButton.tsx L11-37, L40-58; frontend/src/app/(app)/analyses/[id]/page.tsx L95-99, L134-142; frontend/src/lib/api.ts L562-588",UI+API,RETEST-PASS,,,"'Attempt mesh repair' absent on the clean qa-box analysis, present on the NON_WATERTIGHT qa-broken analysis. Click opened a file picker; re-selecting qa-broken.stl POSTed /api/proxy/validate/repair (200) and swapped the dashboard for the RepairComparison (Original vs Repaired). Screenshot retest-APP-011-comparison.png."
APP-012,Product app,/analyses/[id],Linked cost decisions,"As a user, I want to see cost decisions linked to this analysis so that I can jump to the sourcing record.","When analysis.decision_links is non-empty, a 'Linked cost decisions' card lists each decision (filename, make-now process or 'No make-now route', approval_status) with an 'Open decision' button that navigates to decision.url; card is absent otherwise.",frontend/src/app/(app)/analyses/[id]/page.tsx L104-132; frontend/src/lib/api.ts L205-213,UI,RETEST-PASS,,,"qa-box analysis showed 'Linked cost decisions' card listing decisions (qa-box.stl, mjf, unreviewed) with 'Open decision' navigating to /cost-decisions/{id}; card absent on the qa-broken analysis with no linked decision."
APP-013,Product app,/history,Paginated analysis history with verdict filter,"As a user, I want a filterable list of my past analyses so that I can find and reopen any run.",GET /api/proxy/analyses?limit=20[&verdict=][&cursor=] with cursor 'Load more' pagination capped at 500 loaded rows ('N analyses loaded.'). Verdict Select (all/pass/issues→Advisory/fail→Required) resets and reloads. Row click navigates to /analyses/{ulid}. Empty state 'No analyses yet' with an 'Analyze a part' CTA to /analyze; load errors render ErrorState with retry.,"frontend/src/app/(app)/history/page.tsx; frontend/src/components/AnalysisHistoryTable.tsx L50-87, L160-199; frontend/src/lib/api.ts L470-484",UI+API,RETEST-PASS,,,"GET /api/proxy/analyses?limit=20 rendered 5 rows. Verdict select 'Required' refetched with verdict=fail (200) and showed only qa-broken.stl. Row click -> /analyses/{ulid}. 'Load more' cap/empty state/load-error retry not exercisable (few rows, no fault injection); no deviation observed."
APP-014,Product app,/history,Quota consumption display,"As a user, I want to see my rate-limit usage so that I know how much quota remains.",QuotaDisplay renders X-RateLimit-Remaining/Limit headers captured from the analyses list response as a used/total progress bar with 'Resets in N min'; before any response arrives it shows 'Quota data unavailable'.,frontend/src/app/(app)/history/page.tsx L20-29; frontend/src/components/QuotaDisplay.tsx; frontend/src/lib/api.ts L271-287,UI,RETEST-PASS,,,QuotaDisplay rendered used/total progress from X-RateLimit headers with 'Resets in N min'. Screenshot retest-APP-014-quota.png.
APP-015,Product app,/cost,App home should-cost workspace (Design lens),"As a design engineer, I want the app home to be a drop-a-part should-cost workspace so that I get the make-vs-buy answer first.","Flag-off (NEXT_PUBLIC_STAGE_UI unset, the default) renders the identical PartWorkspace as /analyze but with defaultRole='design', landing on the Decision tab; all APP-001..007 behaviors apply. Uses the same POST /validate/cost + POST /validate pair.",frontend/src/app/(app)/cost/page.tsx; frontend/src/components/landing/LandingEntry.tsx L21-24; frontend/src/lib/stage-flag.ts,UI+API,RETEST-PASS,,,"/cost (flag off) rendered the identical PartWorkspace dropzone; qa-part2.stl fired the same /validate/cost + /validate pair (200/200), landed on the Decision tab with 'Lens Design eng', 5 tabs, and persisted the decision (CostArtifactBar 'Saved to cost history')."
APP-016,Product app,/cost,Flag-gated three-door landing router,"As a returning user (staged build), I want the home to remember my chosen door so that I land in my persona's workspace.","Only when NEXT_PUBLIC_STAGE_UI=1: LandingRouter resolves door from localStorage cv_door, else from session role, else shows the first-run DoorChooser; picking persists and routes (part/cost-catalog/portfolio doors), cross-nav peeks without re-persisting. Flag-off this code is never loaded — expected behavior on default builds is APP-015.",frontend/src/components/landing/LandingRouter.tsx L49-96; frontend/src/lib/doors.ts,UI,RETEST-PASS,,,"NEXT_PUBLIC_STAGE_UI unset (default build): no DoorChooser rendered and localStorage cv_door=null — /cost behaves as APP-015, the documented flag-off expectation. Flag-on router not exercisable without a rebuild."
APP-017,Product app,/cost-decisions,Saved cost-decision history list,"As a cost engineer, I want a list of saved should-cost decisions so that I can reopen, share-check, and govern them.","GET /api/proxy/cost-decisions?limit=20 with cursor pagination (cap 500). Columns: label/filename, make-now process, crossover qty, quantities, Shared badge, governance badge (Stale=warn > Approved=pass > Unreviewed=neutral), relative time. Row click → /cost-decisions/{id}. Empty state 'No saved cost decisions yet' with 'Cost a part' CTA to /cost; header 'Compare decisions' button routes to /cost-decisions/compare; a CostHonestyNote renders above the table.","frontend/src/app/(app)/cost-decisions/page.tsx; frontend/src/components/CostDecisionHistoryTable.tsx L22-30, L57-86, L163-201; frontend/src/lib/api.ts L1282-1300",UI+API,RETEST-PASS,,,"GET /api/proxy/cost-decisions?limit=20 rendered 6 rows with File/Make now/Crossover/Quantities/Governance columns, Unreviewed badges, relative time; CostHonestyNote ('assumption-based, not yet validated') above the table; 'Compare decisions' routed to /cost-decisions/compare; row click -> /cost-decisions/{id}. Pagination cap/empty state not exercisable (rows exist)."
APP-018,Product app,/cost-decisions/[id],Saved decision detail with exports,"As a cost engineer, I want the full saved decision with PDF/JSON/CSV export so that I can hand off an auditable artifact.","GET /api/proxy/cost-decisions/{id} on mount (spinner; 'Cost decision not found' ErrorState with back link on failure/404 for non-owners). Header shows label/filename, source SHA-256 mesh hash, and export buttons: PDF (GET .../pdf → <stem>-cost-report.pdf), JSON (GET .../export.json), CSV (GET .../export.csv); export failures toast. Body renders SavedCostDecisionView of the verbatim result.","frontend/src/app/(app)/cost-decisions/[id]/page.tsx L424-560; frontend/src/lib/api.ts L1303-1305, L1505-1520",UI+API,RETEST-PASS,,,"Detail GET on mount; 'Source SHA-256 · <64-hex>' mesh hash shown; exports: PDF 'qa-part2-cost-report.pdf' (valid %PDF), JSON 'qa-part2-cost.json', CSV 'qa-part2-cost.csv'. Bogus id -> 'Cost decision not found' ErrorState with back link."
APP-019,Product app,/cost-decisions/[id],Approval governance (approve / reopen),"As an analyst, I want to sign off or reopen a saved decision so that RFQ/sourcing use is gated on review.",For roles passing canMutateWorkspace: 'Approve' POSTs /cost-decisions/{id}/approve with an optional note (≤1000 chars); badge flips to Approved with 'Signed off by user N on <date>' and the approval note card. 'Reopen' DELETEs the same endpoint. Stale decisions show a warn card 'Re-cost before relying on this record' with stale_reason/date. Read-only roles see badges but no buttons.,"frontend/src/app/(app)/cost-decisions/[id]/page.tsx L129-208, L368-404; frontend/src/lib/api.ts L1308-1330",UI+API,RETEST-PASS,,,Approve with note POST /cost-decisions/{id}/approve 200: badge flipped to Approved with 'Signed off by user N on <date>' + approval-note card. Reopen DELETE 200 returned badge to Unreviewed. Stale warn card and read-only-role variant not exercisable (no stale data; analyst account).
APP-020,Product app,/cost-decisions/[id],Recorded outcome (disposition),"As an analyst, I want to record the four-way sourcing outcome with a note so that reviewers see what the org decided.","Disposition buttons PUT /cost-decisions/{id}/disposition {disposition, note}; 'Make in-house' is disabled with tooltip when the route DFM is blocked (derived from the make-now estimate). Withdraw sends disposition:null. Changing outcome or note while approved reopens approval (toast says so). Errors render 'Nothing changed — <msg>' inline; read-only roles see the recorded outcome and note only.","frontend/src/app/(app)/cost-decisions/[id]/page.tsx L80-127, L232-365; frontend/src/lib/api.ts L1333-1349; frontend/src/lib/cost-disposition.ts",UI+API,RETEST-PASS,,,"'Make outside' PUT /cost-decisions/{id}/disposition 200 while approved -> toast 'Outcome saved; prior approval reopened', badge Unreviewed, recorded outcome + updated-by line. 'Save outcome note' -> 'Outcome note saved'; 'Withdraw outcome' -> 'Outcome withdrawn'. 'Make in-house' enabled (route DFM clean on qa-part2) — blocked/tooltip and read-only variants not exercisable."
APP-021,Product app,/cost-decisions/[id],Share + one-click RFQ package,"As an analyst, I want to share the decision publicly or bundle it as an RFQ ZIP so that suppliers can receive evidence.","Share button (mutators only) POST/DELETE /cost-decisions/{id}/share, showing the public URL modal. 'RFQ ZIP' (mutators only) POSTs /rfq-packages with decision_ids=[id] and title 'RFQ package - <filename>', then downloads GET /rfq-packages/{pkgId}/download.zip; success/failure toasts.","frontend/src/app/(app)/cost-decisions/[id]/page.tsx L455-470, L503-541; frontend/src/lib/api.ts L1257-1279, L1523-1537",UI+API,RETEST-PASS,,,Share POST 200 -> modal with public URL http://localhost:3000/s/cost/<token>; Revoke DELETE 200. 'RFQ ZIP' POST /rfq-packages 201 (title 'RFQ package - qa-part2.stl') then downloaded 'RFQ package - qa-part2-rfq.zip' (valid PK zip) with 'RFQ package generated' toast.
APP-022,Product app,/cost-decisions/compare,Compare two saved decisions,"As a cost engineer, I want a side-by-side diff of two saved decisions so that I can see which is cheaper at each quantity.","GET /cost-decisions?limit=100 fills two Select pickers (same id disabled on the other side); with fewer than 2 decisions renders 'You need at least two saved cost decisions to compare' with a 'Cost a part' link. Compare button (disabled unless two distinct ids) calls GET /api/proxy/cost-decisions/compare?ids=A,B and renders summary cards plus a per-quantity unit-cost table where the cheaper side is highlighted and Δ (USD/%) is tone-colored; compare errors render ErrorState.","frontend/src/app/(app)/cost-decisions/compare/page.tsx L84-120, L140-276; frontend/src/lib/api.ts L1554-1562",UI+API,RETEST-PASS,,,"GET /cost-decisions?limit=100 filled both pickers (6 options); Compare disabled until two distinct ids; the id chosen on side A rendered disabled on side B; GET /cost-decisions/compare?ids=A,B 200 rendered summary cards + per-quantity unit-cost table with cheaper-side highlight and signed Δ ($/%) values. Fewer-than-2 empty state not exercisable (decisions exist). Screenshot retest-APP-022-compare.png."
APP-023,Product app,/batch,Create batch from ZIP upload,"As a user, I want to upload a ZIP of parts (with optional CSV manifest, webhook, concurrency) so that many parts are DFM-analyzed at once.","Only .zip up to 5 GB accepted (toasts otherwise). Submit runs the direct-upload path (GET /uploads/capabilities, multipart part uploads, complete) with staged progress copy (checking/hashing/preparing/uploading/retrying/completing/proxying/creating) and automatic per-part retry messaging, then POST /api/proxy/batch (webhook_url, manifest, concurrency 1-100); success routes to /batch/{batch_id}. Distinct error states: pre-create failure ('No batch was created… retry'), unconfirmed creation ('Check Recent batches before retrying'), and accepted-but-durably-failed batch with an 'Inspect failed batch' link. A single-flight lock prevents double submission.","frontend/src/components/batch/BatchUploadForm.tsx L84-140, L157-244; frontend/src/lib/api/batch.ts L238; frontend/src/lib/api/direct-upload.ts L304, L466, L664-726",UI+API,RETEST-PASS,,,"bad.txt -> toast 'Only .zip files are accepted', no request. qa-batch.zip: staged upload copy (data-upload-stage) observed, GET /uploads/capabilities fired, POST /api/proxy/batch 202, auto-routed to /batch/{batch_id}. 5GB limit, CSV manifest, webhook, retry/durable-failure states and double-submit lock not exercisable with a small local fixture; no deviation observed."
APP-024,Product app,/batch,Recent batches list with CSV download,"As a user, I want my recent batches listed so that I can open one or grab its results CSV.","GET /api/proxy/batches?limit=20 with cursor 'Load more'. Rows show truncated ULID, StatusBadge, completed/total (+failed/skipped counts), created date; row click → /batch/{ulid}. 'Download CSV' appears only for completed/failed batches and fetches GET /batch/{id}/results/csv as batch_<id>_results.csv. Errors show retryable ErrorState; empty state 'No batches yet'.","frontend/src/app/(app)/batch/page.tsx L30-60, L113-196; frontend/src/lib/api/batch.ts L274, L297",UI+API,RETEST-PASS,,,"GET /api/proxy/batches?limit=20 200; row showed truncated ULID, Completed badge, 2/2 counts, created date; 'Download CSV' only on the completed batch, fetched batch_<ulid>_results.csv (header filename,status,verdict,best_process,issue_count,duration_ms,analysis_url,error); row click -> /batch/{ulid}. Cursor/empty/error states not exercisable."
APP-025,Product app,/batch/[id],Live batch progress and items,"As a user, I want live progress and per-item results so that I can watch a batch complete and open item analyses.","BatchProgressBar polls GET /api/proxy/batch/{id} on an interval until a terminal status (completed/failed/cancelled); item changes trigger a refresh of BatchItemsTable (GET /batch/{id}/items, cursored) showing filename, status, verdict, best process, issue count, errors, and links to created analyses. 'Download CSV' appears only when completed/failed.","frontend/src/app/(app)/batch/[id]/page.tsx L18-40, L74-149; frontend/src/components/batch/BatchProgressBar.tsx L28-58; frontend/src/lib/api/batch.ts L252-272",UI+API,RETEST-PASS,,,"Detail polled GET /api/proxy/batch/{id} until 'completed'; items table (GET /batch/{id}/items) listed qa-box.stl/qa-part2.stl with statuses, verdicts and 'View' links to created analyses; 'Download CSV' appeared on completion and downloaded the results CSV."
APP-026,Product app,/batch/[id],Cancel a running batch,"As a user, I want to cancel a non-terminal batch so that pending items are skipped.","'Cancel batch' shows only for non-terminal statuses and opens an AlertDialog ('Pending items will be skipped. This cannot be undone.'); confirm POSTs /api/proxy/batch/{id}/cancel, toasts 'Batch cancelled' and refreshes items; failure toasts the error.","frontend/src/app/(app)/batch/[id]/page.tsx L41-53, L113-123, L151-160; frontend/src/lib/api/batch.ts L285",UI+API,RETEST-PASS,,,"Second batch (concurrency 1): 'Cancel batch' visible while non-terminal; AlertDialog 'Pending items will be skipped. This cannot be undone.'; confirm POST /batch/{id}/cancel 200, toast 'Batch cancelled'. Revisit showed terminal Cancelled with skipped items, no Cancel button and no CSV. Screenshots retest-APP-026-cancel-dialog.png / retest-APP-026-cancelled.png."
APP-027,Product app,/designs,Template-based parametric design creation,"As an analyst, I want to generate real CAD from plate/bracket/enclosure templates with mm dimensions so that I get revisioned, verifiable geometry.","POST /api/proxy/designs {name, plan, design_note} after client-side validateDesignForm; template picker adjusts fields (plate adds corner-hole options; enclosure swaps thickness for wall). While status='generating' the list polls GET /designs every 1.5s; failed generation renders a fail card with the engine error and 'Revise and retry'. A DesignApiError carrying the failed design inserts it into the list and enters revision mode. Single-flight lock prevents duplicate submits; viewers (non-mutating roles) see a read-only library card instead of the form.","frontend/src/app/(app)/designs/page.tsx L215-222, L340-389, L455-618, L704-727; frontend/src/lib/designs-api.ts L189-209",UI+API,RETEST-PASS,,,"gmsh fix confirmed: POST /api/proxy/designs 202 for a plate ('QA Retest Plate') -> status generating with list polling, then revision reached READY in ~10s (engine proofshape-occ-v1) with real preview. Template picker verified: enclosure swaps Thickness->Wall (+Height), bracket adds Height without corner holes, plate shows the four-corner-hole options. No fail card, no console errors. Fresh analyst account. Screenshots r2-app-027-generating.png, r2-app-027-ready.png"
APP-028,Product app,/designs,Safe natural-language interpretation,"As an analyst, I want to describe a shape in words so that the form is prefilled from local rules without AI egress.",'Interpret safely' POSTs /api/proxy/designs/interpret {prompt}; status 'ready' fills the whole form from the returned plan with a green message+assumptions; 'needs_input' partially prefills recognized dimensions and shows an amber message. Empty description shows 'Describe the starting shape and its dimensions first.',frontend/src/app/(app)/designs/page.tsx L288-323; frontend/src/lib/designs-api.ts L209,UI+API,RETEST-PASS,,,"Empty description shows 'Describe the starting shape and its dimensions first.' (error banner, no request). 'Interpret safely' POST /designs/interpret 200: ready plan for '80 x 50 x 6 mm plate with four 6 mm corner holes' fills the whole form (width 80, thickness 6, holes checked) with green message+assumptions; partial prompt ('a bracket that is 60 wide') returns needs_input with amber 'I found the shape, but need: depth, height, thickness.' and prefills width=60/kind=bracket."
APP-029,Product app,/designs,"Revision history, preview, STEP download, verify hand-off","As a user, I want each revision's immutable preview, hash and STEP so that I can inspect, download, and verify exact geometry.",Selecting a design loads GET /designs/{id}/revisions; revision chips switch the CadViewer to GET /designs/{id}/revisions/{n}/preview.stl?hash=… and show envelope/volume/STEP size/geometry hash. Ready revisions offer a STEP download link (GET .../revisions/{n}/download.step) and (mutators only) a 'Verify revision N' link to /verify?design=…&revision=N. Creating a revision POSTs /designs/{id}/revisions; 'Revise' is disabled while generating.,"frontend/src/app/(app)/designs/page.tsx L224-273, L331-338, L673-806; frontend/src/lib/designs-api.ts L220-258",UI+API,RETEST-PASS,,,"Ready revision now reachable: GET /designs/{id}/revisions 200; CadViewer loads GET .../revisions/1/preview.stl?hash=<geometry_hash> 200 (canvas renders); cards show Envelope 80.0x50.0x6.0 mm, Volume 23.32 cm3, STEP 29.2 KB, evidence hash. STEP download link GET .../revisions/1/download.step -> 200 model/step, valid ISO-10303-21 body (29934 bytes). 'Verify revision 1' links to /verify?design=<id>&revision=1. Created revision 2 (POST .../revisions 202, name field locked, Revise disabled while generating) -> R2 ready; chips R1/R2 switch viewer+preview URL and R1 STEP stays downloadable ('current is 2' shown while viewing R1)."
APP-030,Product app,/designs,Archive design,"As an analyst, I want to archive a design so that it leaves the library while audit evidence is retained.","Trash icon (mutators only, disabled while generating) opens window.confirm('Archive ""<name>""? Its audit evidence will be retained.'); confirm DELETEs /api/proxy/designs/{id} and removes the card from the list; failure shows a dismissible error banner.","frontend/src/app/(app)/designs/page.tsx L391-404, L694-699; frontend/src/lib/designs-api.ts L234",UI+API,RETEST-PASS,,,Trash icon opened window.confirm 'Archive “QA Retest Plate”? Its audit evidence will be retained.'; confirm sent DELETE /api/proxy/designs/{id} 204 and the card left the list (empty state returned). No console errors. Screenshot r2-app-030-archived.png
APP-031,Product app,/label,Dev-only gate for the labeling tool,"As an operator, I want the labeling tool disabled outside local operator environments so that production users see an honest disabled state.","When DEV_TOOLS_ENV is false the page renders only an EmptyState 'Labeling backend disabled — available only in local operator environments' and issues no corpus requests. This is expected behavior, not a bug.",frontend/src/app/(app)/label/page.tsx L56-74; frontend/src/lib/dev-flag.ts,UI,BLOCKED,,,Unchanged from pass 1: this build runs with the dev tools flag ON (DEV_TOOLS_ENV true) so /label renders the labeling tool; the story's disabled EmptyState branch cannot render in this environment. Verified the page does NOT show the disabled state and behaves as the enabled tool (APP-032).
APP-032,Product app,/label,Corpus labeling queue with hotkeys,"As a labeler, I want a keyboard-driven queue of unlabeled parts so that I can record ground-truth manufacturing methods quickly.","Loads GET /api/proxy/corpus/parts?unlabeled_only=true&limit=200&labeler=… and GET /corpus/progress?labeler=… (badge 'X / Y labeled'); backend-unreachable shows 'Could not reach the labeling backend… LABELING_ENABLED=1?'. Each part shows the STL via GET /corpus/parts/{id}/mesh.stl plus metadata and an explicitly 'NOT a label' heuristic-guess warning. Ontology buttons (or hotkeys 1-6) POST /corpus/labels {part_id,label,labeler,confidence,notes} then advance; arrows navigate, 's' skips; finishing shows 'Queue complete' with a reload action; empty corpus shows 'No parts in the corpus queue'.","frontend/src/app/(app)/label/page.tsx L100-199, L232-397; frontend/src/app/(app)/label/CorpusViewer.tsx L13",UI+API,RETEST-PASS,,,"Corpus seeded (2 QA parts) and fully testable now. Load fires GET /corpus/parts?unlabeled_only=true&limit=200&labeler=... 200 and GET /corpus/progress 200; badge '0 / 2 labeled'; each part renders its STL via GET /corpus/parts/{id}/mesh.stl 200 in the viewer plus metadata (filename/dataset/license/faces/bbox/watertight). Hotkeys: ArrowRight/ArrowLeft navigate 1/2<->2/2, pressing '1' POSTed /corpus/labels {part_id,label:'additive',labeler,confidence:'medium'} 200 and advanced; badge updated to '1 / 2 labeled'. 's' skipped past the last part -> 'Queue complete for this labeler' with reload action; reload showed the 1 remaining unlabeled part. Heuristic-guess warning not rendered because the seeded parts have process_family_guess=null (warning is conditional per design). No console errors. Screenshots r2-app-032-queue.png/labeled.png/complete.png"
APP-033,Product app,/reconstruct,Capability gating and honest disabled states,"As a user, I want the Image-to-3D page to tell me truthfully whether reconstruction is enabled for my workspace and role so that I never upload into a dead end.","GET /api/proxy/reconstruct/capability on mount: while loading shows 'Checking Image-to-3D availability…'; fetch failure shows retryable ErrorState. available:false renders 'Image-to-3D is not enabled' with the backend message, an assurance that no image was sent anywhere, and a 'Verify CAD instead' button to capability.verify_path. available but can_submit:false renders 'read-only for your account' (analyst+ required) with a 'Review analyses' button. When requires_egress_acknowledgement, the uploader stays disabled until the third-party-transfer checkbox is ticked.","frontend/src/app/(app)/reconstruct/page.tsx L49-64, L154-252; frontend/src/app/(app)/reconstruct/reconstruction-capability.ts; frontend/src/lib/api.ts L687-694",UI+API,RETEST-PASS,,,"Re-verified honest disabled state: GET /api/proxy/reconstruct/capability 200 on mount; available:false renders 'Image-to-3D is not enabled' with the backend message, 'No image has been uploaded or sent to a third party.' assurance, and a 'Verify CAD instead' button; zero file inputs rendered. No console errors. Screenshot r2-app-033-reconstruct.png"
APP-034,Product app,/reconstruct,Submit photos and poll the reconstruction job,"As an analyst, I want to upload up to 4 photos and watch the job run so that I get an estimated mesh with an idempotent, retry-safe submission.","ImageUploader accepts jpg/png/webp, max 4 files, 20 MB each. Submit POSTs /api/proxy/reconstruct (multipart images) with an Idempotency-Key reused for network-ambiguous retries of the same files and X-Reconstruction-Egress-Acknowledged when acknowledged; response {job_id, estimated_seconds} moves to a processing step that polls GET /jobs/{id} then GET /jobs/{id}/result. Terminal worker failure resets to upload with a toast and a fresh submission id on retry.","frontend/src/app/(app)/reconstruct/page.tsx L66-131, L256-267; frontend/src/lib/api.ts L658-721; frontend/src/app/(app)/reconstruct/reconstruction-attempt.ts; components/ImageUploader.tsx L13-16",UI+API,BLOCKED,,,"Reconstruction backend still disabled (/health reconstruction.available=false, backend 'none'); the uploader/submit/poll flow is unreachable behind the honest disabled state verified in APP-033."
APP-035,Product app,/reconstruct,Mesh preview with confidence and analysis hand-off,"As an analyst, I want the reconstructed mesh previewed with an honest confidence score so that I can judge it before using its DFM analysis.",Preview step renders the mesh from GET /api/proxy/reconstructions/{jobId}/mesh.stl with confidence percent/level and face count from the job result; a 'partial' terminal status shows an amber 'completed with limited output — review before using' banner plus a warning toast. 'Go to analysis' routes to /analyses/{analysisId} only when the job attached one; 'Start new reconstruction' resets the wizard.,"frontend/src/app/(app)/reconstruct/page.tsx L101-113, L269-299; frontend/src/lib/api.ts L723-725; frontend/src/app/(app)/reconstruct/reconstruction-result.ts",UI,BLOCKED,,,"Same as APP-034: no reconstruction job can be created in this environment, so the mesh preview/confidence/hand-off step is unreachable."
APP-036,Product app,/integrations,Offline CSV connector catalog and runs,"As an ops user, I want to run ERP/PLM/actual-cost CSVs through offline connectors so that imports are parsed and recorded without live credentials.","On load GET /api/proxy/integrations/connectors and GET /integrations/runs?limit=25 (failure toasts). Connector cards state source system/kind, raw-stored and live-creds flags. 'Run' (disabled without a file) POSTs multipart /integrations/runs {connector_id, mode: dry_run|import, file}; success prepends the run and toasts 'Dry-run recorded'/'Import recorded'. Recent-runs table shows status (passed/partial/failed with color), valid/total rows with flagged count, mode, SHA-256 prefix, completion time; empty state 'No connector runs yet.'","frontend/src/app/(app)/integrations/integrations-client.tsx L51-84, L112-266; frontend/src/lib/integrations-api.ts L51-86",UI+API,RETEST-PASS,,,"GET /integrations/connectors + GET /integrations/runs?limit=25 both 200 on load; connector cards show source system/kind, raw stored: no, live creds flags (sandbox API connectors show live creds: yes). Run disabled without a file. Dry-run of a 2-row SAP manifest CSV -> POST /integrations/runs 200 status passed, toast 'Dry-run recorded', row prepended (2/2 valid, dry_run, SHA-256 prefix, completed time). Import mode -> 200, toast 'Import recorded', row prepended with mode import. Screenshots r2-app-036-dryrun.png, r2-app-036-import.png"
APP-037,Product app,/notifications,Durable notification inbox,"As a user, I want a durable inbox of workflow notifications so that I can open, read, and triage verification/governance events.","On load two GETs of /api/proxy/notifications?status=open&unread=false&dismissed={false,true}&limit=100 populate Inbox and Dismissed columns; load failure shows the error with 'Try again'; empty inbox says 'You're all caught up.' 'Mark all read' POSTs /notifications/read-all and stamps every row read. 'Open' POSTs /notifications/{id}/read then navigates to the mapped Verify destination (modified-clicks fire read in the background and let the browser navigate); a read failure still navigates.","frontend/src/app/(app)/notifications/notifications-client.tsx L47-160, L256-334; frontend/src/lib/verify/notifications-api.ts L98-156",UI+API,RETEST-PASS,,,"Seeded 2 real decision.created notifications via authed POST /validate/cost. Both load GETs (dismissed=false/true) 200 populate Inbox (2)/Dismissed (0); empty state 'You're all caught up.' seen pre-seed. 'Mark all read' POST /notifications/read-all 200 stamped every row Read <timestamp>. Per-row 'Open' POST /notifications/{id}/read 200 then navigated to the mapped Verify destination /verify?screen=records. No console errors. Screenshots r2-app-037-inbox.png, r2-app-037-open-dest.png"
APP-038,Product app,/notifications,Dismiss and restore notifications,"As a user, I want to dismiss and later restore notifications so that my inbox stays clean without losing history.","Dismiss POSTs /notifications/{id}/dismiss and moves the row to the Dismissed column with its timestamp; Restore POSTs /notifications/{id}/restore and returns it to the inbox with its prior read state. Failures render a 'Nothing changed — <msg>' alert with a 'Reload inbox' action; copy states dismissal changes only the user's inbox, never audit records.","frontend/src/app/(app)/notifications/notifications-client.tsx L162-208, L336-394; frontend/src/lib/verify/notifications-api.ts L139-145",UI+API,RETEST-PASS,,,"Dismiss POST /notifications/{id}/dismiss 200 moved the row to Dismissed with 'Dismissed <timestamp>'; Restore POST .../restore 200 returned it to the inbox preserving its prior read state ('Read <original timestamp>'). Copy states dismissal changes only the user's inbox, never audit records. Screenshots r2-app-038-dismissed.png, r2-app-038-restored.png"
APP-039,Product app,/rfq-packages,Build an RFQ package from cost decisions,"As a sourcing user, I want to select saved cost decisions and generate a supplier evidence bundle so that suppliers get governed artifacts.","On load GET /api/proxy/rfq-packages?limit=50 and GET /cost-decisions?limit=100 in parallel. The decision table flags stale/unapproved rows; selecting any risky decision shows an amber 'package will preserve those warnings' banner. 'Generate package (N)' (disabled with 0 selected) POSTs /rfq-packages {decision_ids, title, supplier_name, note, include_raw_cad} and prepends the package with a success toast; failures toast.","frontend/src/app/(app)/rfq-packages/rfq-packages-client.tsx L54-98, L123-228; frontend/src/lib/api.ts L1244-1279",UI+API,RETEST-PASS,,,"GET /rfq-packages?limit=50 and GET /cost-decisions?limit=100 in parallel (both 200) with two seeded (unapproved) cost decisions listed. 'Generate package (0)' disabled; selecting a risky decision showed the amber 'Selected decisions include stale or unapproved records; the package will preserve those warnings.' banner and enabled 'Generate package (1)'; POST /rfq-packages 201 created 'QA Retest RFQ' (warnings decision_unapproved + confidence_unvalidated preserved), prepended with toast 'RFQ package generated'. Screenshot r2-app-039-created.png"
APP-040,Product app,/rfq-packages,Generated packages list with ZIP download,"As a sourcing user, I want my generated packages listed with warnings so that I can download the ZIP or inspect details.","Table shows title/supplier, approved/item counts, warnings count (green 'clear' or amber count), creation date; title click → /rfq-packages/{id}; 'ZIP' fetches GET /rfq-packages/{id}/download.zip as <title>-rfq.zip. Empty state 'No RFQ packages yet.'","frontend/src/app/(app)/rfq-packages/rfq-packages-client.tsx L100-109, L230-299; frontend/src/lib/api.ts L1523-1526",UI+API,RETEST-PASS,,,"Empty state 'No RFQ packages yet.' verified before creation. Row shows title/supplier (Acme Machining), 0/1 approved, amber warnings count 2, created date; ZIP button downloaded 'QA Retest RFQ-rfq.zip' (GET /rfq-packages/{id}/download.zip 200 application/zip, 65 KB); archive verified valid (package_manifest.json, line-items.csv, supplier-brief.pdf/md, cost-decisions.json, per-decision folder with should-cost-report.pdf and raw-cad-unavailable.txt)."
APP-041,Product app,/rfq-packages/[id],RFQ package detail,"As a sourcing user, I want a package's stats, warnings and item flags so that I can vet the bundle before sending it.","GET /api/proxy/rfq-packages/{id} on mount ('Loading...' then 'RFQ package not found.' on failure, with Back). Renders stat cards (Approved x/y, Stale, Unvalidated, Raw CAD yes/no), a warnings card when warnings exist (code + message), and an items table with per-decision flags (stale/unvalidated/raw CAD or 'clear') and manifest match; decision names link to /cost-decisions/{id}; 'Download ZIP' fetches the bundle.",frontend/src/app/(app)/rfq-packages/[id]/page.tsx L31-168; frontend/src/lib/api.ts L1250-1255,UI+API,RETEST-PASS,,,"Detail GET /rfq-packages/{id} renders stat cards (Approved 0/1, Stale 0, Unvalidated 1, Raw CAD No), warnings card with code+message, items table with per-decision flags ('unvalidated') and manifest column; decision name click navigates to /cost-decisions/{id}; Download ZIP fetched 'QA Retest RFQ-rfq.zip'. Bogus id shows 'RFQ package not found.' with Back. Screenshots r2-app-041-detail.png, r2-app-041-notfound.png"
APP-042,Product app,/onboarding,Redirect to Verify welcome,"As a new user, I want /onboarding to take me to the Verify welcome flow so that legacy links keep working.",Server component immediately issues redirect('/verify?welcome=1'); no UI is rendered and no API is called.,frontend/src/app/(app)/onboarding/page.tsx L1-5,UI,RETEST-PASS,,,"GET /onboarding returns 307 Location /verify?welcome=1 (no UI, no API calls); browser lands on the Verify welcome flow (client consumes the welcome param)."
APP-043,Product app,/settings/developer,API key list and lifecycle,"As a developer, I want to create, rotate and revoke API keys so that I control programmatic access.","Server-side list via GET backend /api/v1/keys with the forwarded dash_session cookie; empty state offers 'Create key'. Create POSTs /api/proxy/keys {name:'Default'}, rotate POSTs /api/proxy/keys/{id}/rotate, revoke DELETEs /api/proxy/keys/{id}; buttons stay disabled until hydrated, toast success/error with the backend detail, and refresh the table. Revoked keys show a fail badge and lose their action buttons; key column shows only cv_live_<prefix>_… .",frontend/src/app/(app)/settings/developer/page.tsx L36-139; frontend/src/app/(app)/keys/actions.ts; frontend/src/components/developer/KeyMutationButton.tsx L63-100,UI+API,RETEST-PASS,,,Fresh account showed 'No API keys yet' with Create key. Create POST /api/proxy/keys 200 -> masked cv_live_<prefix>_… row with Active badge; Rotate POST /keys/{id}/rotate 200 revealed a NEW secret and marked the old key Revoked; Revoke DELETE /keys/{id} 204 -> 'Revoked' badge and action buttons removed. Key column never shows full secrets. No console errors. Screenshot r2-app-043-revoked.png
APP-044,Product app,/settings/developer,One-time key reveal,"As a developer, I want the new key secret revealed exactly once so that it is never re-displayed.","After create/rotate, RevealOnceModal reads the cv_mint_once cookie (event-driven plus a 250ms poll for up to 10s), shows the token with copy + acknowledge, and immediately expires the cookie so a reload cannot re-reveal. The page also links to /api-reference and the /scalar API console.",frontend/src/components/RevealOnceModal.tsx L19-50; frontend/src/app/(app)/settings/developer/page.tsx L41-66,UI,RETEST-PASS,,,"RevealOnceModal opened after create and after rotate showing the full cv_live_ token with Copy, an 'I've saved it somewhere safe' acknowledge checkbox gating Done ('Copy it now - we will not show it again.'); cv_mint_once cookie already scrubbed while the modal was open (document.cookie empty) and a reload did not re-reveal. Page links to /api-reference and the /scalar API console. Screenshot r2-app-044-reveal.png"
APP-045,Product app,/settings/organization,Admin gate and org switcher,"As a non-admin, I want an honest 'Admins only' state so that the org surface never half-renders; as a multi-org user I want to switch my active org.","Server component loads GET /api/v1/orgs (cookie-forwarded); when the active org role is not 'admin' (or no org) it renders only the switcher and an 'Admins only' EmptyState naming the user's actual role. The switcher POSTs /api/v1/orgs/switch {org_id}, verifies the server echoed the same org, and revalidates the layout.","frontend/src/app/(app)/settings/organization/page.tsx L88-125; frontend/src/app/(app)/settings/organization/actions.ts L144-166, L261-275",UI+API,RETEST-PASS,,,"Admin sees the full surface with the org switcher. Invited+accepted a second account as 'member'; that account switched its active org to the inviting org via the switcher (server echoed the new active org) and the page re-rendered with ONLY the switcher plus the 'Admins only' EmptyState naming the actual role: ""You're a member of qa-retest-app2's Organization. Managing members, invites, and SSO requires an organization admin."" No admin sections (invite form/ops health) leaked. Screenshot r2-app-045-member-gate.png"
APP-046,Product app,/settings/organization,Members and invitations management,"As an org admin, I want to invite teammates and remove members so that membership stays current.","Members table from GET /api/v1/orgs/members with a remove action (DELETE /orgs/members/{userId}); backend errors — e.g. last-admin protection — surface verbatim via the {ok:false,error} action result. InviteForm POSTs /orgs/invites {email, role} and returns an accept_link plus emailed flag (link shown for manual forwarding when email isn't configured); pending invites can be revoked (DELETE /orgs/invites/{id}); statuses render tone-coded badges (pending/accepted/expired/revoked).","frontend/src/app/(app)/settings/organization/page.tsx L149-272; frontend/src/app/(app)/settings/organization/actions.ts L168-180, L277-307",UI+API,RETEST-PASS,,,"InviteForm created a pending invite showing the one-time accept link (email not configured -> link for manual forwarding); invitee accepted via the link ('Invitation accepted. You joined the organization as member.'), appeared in the members table, and the invite badge flipped to accepted. Second invite revoked via the confirm dialog (badge revoked). Member removed successfully (confirmed via GET /orgs/members: only the admin remains). Last-admin protection surfaced verbatim on self-remove: 'Cannot remove the last admin — an org must keep at least one.' Screenshot r2-app-046-members.png"
APP-047,Product app,/settings/organization,SAML group-mapping CRUD and SSO/SCIM status,"As an org admin, I want to map IdP groups to org roles and see my SSO endpoints so that JIT provisioning works.","Mappings CRUD: GET/POST/DELETE /api/v1/orgs/saml/group-mappings (attribute_name, group_value, org_role); duplicates surface the backend error. Read-only SSO panel probes backend /auth/saml/metadata and /auth/oidc/status server-side and maps 200→Reachable, 404→'Not enabled in this deployment', other→'check config', displaying exact ACS/metadata/login/callback/SCIM URLs with contextual hints — explicitly not an editable form.","frontend/src/app/(app)/settings/organization/page.tsx L274-451; frontend/src/app/(app)/settings/organization/actions.ts L182-187, L215-258, L309-335",UI+API,RETEST-PASS,,,"Mapping CRUD: add (groups / qa-r2-admins / member) listed the row; duplicate add surfaced the backend error verbatim 'A SAML group mapping for this org, attribute, and value already exists.'; delete removed it. Read-only SSO panel probes server-side and maps 404 honestly ('Not enabled in this deployment' with HTTP 404 for SAML SP metadata and OIDC relying party) while displaying exact ACS/metadata/login/OIDC callback/SCIM URLs with contextual hints and 'not an editable form' copy. Screenshot r2-app-047-dup.png"
APP-048,Product app,/settings/organization,Ops health readout,"As an org admin, I want a live dependency health readout so that I can see platform status without ops tooling.","Server-side probe of backend /health/deep (503 body is read as a real degraded state): renders Postgres, Redis (healthy/unhealthy/not-configured), worker heartbeat state (ok/stale/unknown), and queue depth. When the endpoint is unreachable it renders a fail card saying the readout 'degrades gracefully rather than fabricating a status'.",frontend/src/app/(app)/settings/organization/page.tsx L453-575; frontend/src/app/(app)/settings/organization/actions.ts L191-208,UI,RETEST-PASS,,,"Ops health card rendered from backend /health/deep (HTTP 200): Postgres Healthy (SELECT 1 ok), Redis Healthy (expected/reachable), Worker ok with heartbeat age, Queue depth with arq:queue. Unreachable/degraded fail-card branch not exercisable (backend healthy in this env). Screenshot r2-app-048-health.png"
APP-049,Product app,/settings/security,One-time password initialization (auth-mode gated),"As a magic-link user, I want to set an initial password once so that I can also log in with credentials.","When AUTH_MODE is password/hybrid: form validates client-side (8-128 chars, letter + digit, matching confirmation) then POSTs same-origin /api/auth/password/initialize {password}; success clears the form and shows 'Password configured. Older dashboard sessions were revoked.'; API errors render the backend detail. When AUTH_MODE is anything else, the page renders only an 'Enterprise identity' card stating password setup is disabled and the IdP controls sign-in — an honest disabled state.","frontend/src/app/(app)/settings/security/page.tsx L6-38; frontend/src/app/(app)/settings/security/security-settings-client.tsx L18-65, L85-120",UI+API,RETEST-PASS,,,"AUTH_MODE password locally so the form renders. Client-side: 8+ chars without a digit shows 'Password must contain a digit.', mismatch shows 'Passwords do not match.' - zero network requests for either; sub-8 blocked by native minLength. Valid submit POSTed /api/auth/password/initialize -> 409 password_already_set for this password-signup account, rendered verbatim inline ('A password is already configured for this account.') - honest handling; the only console entry is the browser's automatic 409 resource log. Screenshot r2-app-049-security.png"
APP-050,Product app,/design-system,Glass-box component showcase,"As a designer/developer, I want a live showcase of every glass-box component rendered against a real fixture report so that I can verify the design language in both themes and all role lenses.","Static page (no API calls) rendering working components — provenance chips, confidence intervals, driver breakdowns, routing card, DFM matrix, calibration bar, decision headline, crossover chart — from a hard-coded engine fixture (object.stl), with an interactive ThemeToggle and RoleLens; interactions raise demo toasts only and persist nothing.",frontend/src/app/(app)/design-system/page.tsx L1-60; frontend/src/app/(app)/design-system/fixture.ts,UI,RETEST-PASS,,,"Static showcase rendered every section (provenance chips, confidence, driver breakdowns, routing, DFM, calibration, decision, crossover) with the RoleLens control and theme toggle (html class flips to dark and back); zero /api/proxy calls issued and no console/page errors. Screenshot r2-app-050-design-system.png"
AUTH-001,Auth,/login,Password login,"As a returning user, I want to log in with email and password so that I can reach my secure workspace.","When AUTH_MODE is password/hybrid, the form POSTs /api/auth/login; on 2xx the browser navigates to the sanitized ?next= path (safeLocalPath, default /verify — external/protocol-relative URLs rejected). On failure the server's detail.message renders under the password field (fallback 'Invalid email or password.'); network failure shows 'Could not reach the server.'",/home/user/cadverify/frontend/src/app/(auth)/login/page.tsx; /home/user/cadverify/frontend/src/app/(auth)/login/login-form.tsx,UI+API,RETEST-PASS,,,"Wrong password renders ""Invalid email or password."" under the form; valid login with ?next=https://evil.example/phish rejects the external URL and lands on /verify (safeLocalPath default). wrong-pw message shown: true; external ?next= sanitized -> /verify"
AUTH-002,Auth,/login,Magic-link request with Turnstile,"As a user without a password, I want to request a single-use sign-in link so that I can authenticate by email.","Rendered only when MAGIC_LINK_UI_ENABLED=1 and TURNSTILE_SITE_KEY is set. Submit is disabled until a Turnstile token exists; missing token shows 'Complete the security check first.' POST /api/auth/magic/start {email, turnstileToken}; success redirects to /magic/sent; failure shows the server detail message and resets the Turnstile widget.",/home/user/cadverify/frontend/src/app/(auth)/login/login-form.tsx,UI+API,RETEST-PASS,,,"MAGIC_LINK_UI_ENABLED / TURNSTILE_SITE_KEY unset in the running frontend process env; the rendered /login has no magic-link section or Turnstile widget (RSC payload shows turnstileSiteKey: undefined) per the documented gating. Token/submit-disable behavior not exercisable locally (same as pass 1). Initial automated FAIL was a detector artifact matching the serialized prop name in the RSC payload, not rendered UI."
AUTH-003,Auth,/login,Enterprise SSO entry + managed-access footer,"As an enterprise user, I want an SSO button so that I sign in through my organization's identity provider.","When SSO_LOGIN_PATH is set, a 'Continue with enterprise SSO' anchor links to that path; with password also enabled an 'OR USE PASSWORD' divider appears. When neither password nor magic signup is available the footer reads 'Access is managed by your organization administrator' instead of a signup link.",/home/user/cadverify/frontend/src/app/(auth)/login/page.tsx; /home/user/cadverify/frontend/src/app/(auth)/login/login-form.tsx,UI,RETEST-PASS,,,"SSO_LOGIN_PATH unset: SSO anchor and OR-USE-PASSWORD divider correctly absent; password signup enabled so footer shows the signup link, not the managed-access note."
AUTH-004,Auth,/signup,Signup mode gating (password / magic / managed),"As a new user, I want the signup page to offer only the enabled enrollment path so that I follow the correct flow for this environment.","If public password signup is enabled (publicPasswordSignupEnabled from PUBLIC_PASSWORD_SIGNUP_ENABLED + RELEASE), the direct form renders; client validates >=8 chars with a letter and digit before POST /api/auth/signup, success navigates to /onboarding, errors show the server detail message. If magic is enabled instead, a 'Verify email and continue' card links to /login#magic-link. Otherwise a 'Contact your organization administrator' card renders (with SSO link if SSO_LOGIN_PATH is set).",/home/user/cadverify/frontend/src/app/(auth)/signup/page.tsx; /home/user/cadverify/frontend/src/app/(auth)/signup/signup-form.tsx,UI+API,RETEST-PASS,,,"Password signup form renders (public signup enabled). Client validation blocks <8 chars and letters-only passwords before any POST; valid signup POSTs /api/auth/signup and navigates via /onboarding. short pw blocked client-side: true; letters-only pw blocked client-side: true; valid signup POSTed=true, landed on /verify"
AUTH-005,Auth,/magic/sent,Non-enumerating sent confirmation,"As a user who requested a magic link, I want a confirmation page so that I know to check my email without leaking whether the address exists.","Static page reads 'If that address is allowed to sign in, a single-use link is on its way.' (no account enumeration), with a 'Try another email' link back to /login. Page is noindex.",/home/user/cadverify/frontend/src/app/(auth)/magic/sent/page.tsx,UI,RETEST-PASS,,,"Exact non-enumerating copy present, ""Try another email"" links to /login, meta robots noindex."
AUTH-006,Auth,/magic/verify,Magic-link exchange with token scrubbing,"As a user clicking my emailed link, I want to confirm the exchange so that a session is established without the token lingering in my URL/history.","Token is read from the URL fragment (or legacy query) then immediately removed via history.replaceState, held only in memory. Clicking 'Continue to ProofShape' POSTs /api/auth/magic/exchange {token}; success redirects to the response's sanitized redirect path (default /verify); non-2xx shows 'Magic link invalid or expired.' (or server detail); absent token shows 'This sign-in link is missing or malformed.' with a 'Request a new link' → /login.",/home/user/cadverify/frontend/src/app/(auth)/magic/verify/page.tsx; /home/user/cadverify/frontend/src/app/(auth)/magic/verify/magic-verify-client.tsx,UI+API,RETEST-PASS,,,"No token -> ""This sign-in link is missing or malformed."" with Request-a-new-link -> /login. #token= fragment is scrubbed to /magic/verify (history.replaceState, verified post-hydration) and held in memory; ""Continue to ProofShape"" POSTs /api/auth/magic/exchange and a bogus token renders ""Magic link invalid or expired."" Initial automated FAIL was a timing artifact (checked before client hydration)."
AUTH-007,Auth,/orgs/accept,Organization invite redemption,"As an invited teammate, I want opening my invite link to redeem the token so that I join the organization with the intended role.","On mount, POST /api/proxy/orgs/invites/accept {token}. Missing token → 'Invite token missing.' 401/403 → 'Log in as the invited account.' with a login link whose next returns to /orgs/accept?token=…. Success → 'Invitation accepted.' showing org_role and whether membership was created vs 'already a member; invite consumed without changing your role', plus an 'Open ProofShape' → /verify. Other errors show the backend detail; unreachable server shows 'Could not reach ProofShape.'",/home/user/cadverify/frontend/src/app/(auth)/orgs/accept/page.tsx,UI+API,RETEST-PASS,,,"Fresh invite (viewer) created via POST /api/proxy/orgs/invites as qa-tester. logged-out: prompt=true, login link next-returns=true (/login?next=%2Forgs%2Faccept%3Ftoken%3DQhLr8l1M8scgp7jYV7nBDHbeYNQ4ypdi42lHHUtdoXY); missing token message=true; redeem: accepted=true, role viewer shown=true, Open-ProofShape link=true"
BAT-001,API batch,POST /api/v1/batch,Create batch (ZIP upload),"As an analyst, I upload a ZIP of CAD files (optionally with a manifest CSV and webhook) so the whole set is analyzed as one batch.","With a valid ZIP and role>=analyst, returns 202 with batch_id, status, and status_url=/api/v1/batch/{ulid}; items are extracted and enqueued via arq; webhook_secret is never echoed back. Missing both file and direct_upload_id returns 400 BATCH_INPUT_REQUIRED; providing both returns 400 BATCH_INPUT_CONFLICT.",backend/src/api/batch_router.py:71-520,API,RETEST-PASS,,,"Fresh account+key. ZIP -> 202 {batch_id,status,status_url:/api/v1/batch/{ulid}}; items extracted+processed (batch completed, 2/2 items). No input -> 400 BATCH_INPUT_REQUIRED; file+direct_upload_id -> 400 BATCH_INPUT_CONFLICT; webhook_secret never echoed."
BAT-002,API batch,POST /api/v1/batch,Honest 501 for S3/manifest-URL input,"As an analyst, if I pass s3_bucket/s3_prefix/manifest_url I get an honest not-implemented error instead of a doomed pending batch.","Any of s3_bucket, s3_prefix, or manifest_url present returns 501 with code S3_INPUT_UNSUPPORTED and a doc_url, before any Batch row is created. This is EXPECTED behavior, not a bug.",backend/src/api/batch_router.py:151-166,API,RETEST-PASS,,,"s3_bucket present -> 501 {code:S3_INPUT_UNSUPPORTED, doc_url}; no Batch row created (list shows only legit batches)."
BAT-003,API batch,POST /api/v1/batch,job_type validation + cost-pipeline gate,"As an analyst, I choose job_type=dfm or cost and get clear errors for invalid or disabled modes.","job_type outside {dfm,cost} returns 422 INVALID_JOB_TYPE. job_type=cost with BATCH_COST_ENABLED off (default on) returns 501 BATCH_COST_NOT_ENABLED — an expected honest gate. Invalid cost-manifest rows return 400 INVALID_COST_MANIFEST at create time.","backend/src/api/batch_router.py:106-149,336-353",API,RETEST-PASS,,,job_type=weird -> 422 INVALID_JOB_TYPE naming valid set. cost manifest with quantities='abc' -> 400 INVALID_COST_MANIFEST 'Row 2: invalid quantity'. Valid cost batch (BATCH_COST_ENABLED default on) -> 202 and completed. 501 flag-off path not exercisable without env change (notes-only).
BAT-004,API batch,POST /api/v1/batch,"Upload guards: size caps, concurrency, SSRF","As an operator, oversized or dangerous batch inputs are rejected before work is created.",Declared Content-Length or streamed ZIP over BATCH_MAX_ZIP_BYTES returns 413; manifest over cap returns 413 BATCH_MANIFEST_TOO_LARGE; concurrency_limit outside 1-12 returns 422 INVALID_BATCH_CONCURRENCY; webhook_url resolving to internal ranges returns 400 webhook_url_rejected (SSRF guard); bad/zip-bomb archives return 400 without orphaned batches.,"backend/src/api/batch_router.py:120-132,196-257,325-333",API,RETEST-PASS,"Bad archive returns 500 instead of 400: POST /api/v1/batch with a non-ZIP payload named .zip (STL bytes, application/zip) -> HTTP 500 'Internal Server Error' (reproduced twice). Cause: batch_service.extract_zip_path_to_items opens zipfile.ZipFile which raises zipfile.BadZipFile; batch_router.py only catches ValueError around extraction, so BadZipFile escapes as an unhandled 500. Expected 400 per story.",,"FIX VERIFIED: non-ZIP bytes named .zip -> 400 BAD_REQUEST 'File is not a zip file' (was 500 in pass 1); no orphaned batch. Oversized manifest (4.3MB > 2MiB cap) -> 413 BATCH_MANIFEST_TOO_LARGE exercised live. concurrency_limit=99 -> 422 INVALID_BATCH_CONCURRENCY {min:1,max:12}; webhook_url=169.254.169.254 -> 400 webhook_url_rejected (SSRF). 5GiB ZIP cap (413) code-verified only (impractical to upload)."
BAT-005,API batch,POST /api/v1/batch,Direct-upload attachment + enqueue-failure honesty,"As an analyst, I create a batch from a completed direct_upload_id, and a repeated POST or queue outage never loses or duplicates work.","direct_upload_id path locks and attaches the org-scoped upload; a repeated POST after a lost response returns the original batch (idempotent recovery). If the job queue is down, returns 503 BATCH_ENQUEUE_FAILED with accepted_batch info; a fresh batch is marked failed and its pending items terminalized to skipped so progress reads agree.",backend/src/api/batch_router.py:280-513,API,BLOCKED,,,"Still environment-bound: GET /api/v1/uploads/capabilities -> available:false, unavailable_code:DIRECT_UPLOAD_REQUIRES_S3 (honest). Unknown direct_upload_id -> clean 404 DIRECT_UPLOAD_NOT_FOUND. Attach/idempotent-recovery/503 BATCH_ENQUEUE_FAILED paths need S3."
BAT-006,API batch,GET /api/v1/batches,List org batches,"As a viewer, I list my org's batches newest-first with cursor pagination.","Role>=viewer; results filtered to Batch.org_id == caller's org (never leaks other orgs); returns per-batch status plus completed/failed/skipped item counts, next_cursor, and has_more; limit capped at 100.",backend/src/api/batch_router.py:528-570,API,RETEST-PASS,,,Newest-first with per-batch completed/failed/skipped counts + next_cursor/has_more; other-org key sees empty list (no leak); limit=500 -> 422.
BAT-007,API batch,GET /api/v1/batch/{id} + GET /api/v1/batch/{id}/items,Batch progress and paginated items,"As a viewer, I poll a batch's progress and page through its items filtered by status.","Progress returns durable item-state counters; unknown or other-org batch returns 404 (never 403). Items endpoint verifies org ownership first (404 otherwise), supports status filter and cursor (limit<=200), and returns per-item filename, status, analysis_id, DFM result fields, error_message, duration_ms.",backend/src/api/batch_router.py:578-658,API,RETEST-PASS,,,"Progress returns durable counters (total/completed/failed/skipped/pending + timestamps). Other-org and unknown batch -> 404 (never 403), same for /items. Items carry filename/status/analysis_id+url/verdict/best_process/issue_count/error_message/duration_ms; status=failed filter and cursor fields work."
BAT-008,API batch,GET /api/v1/batch/{id}/results/csv,CSV export of batch results,"As a viewer, I download batch results as CSV once the batch is finished.","Org-scoped lookup (404 otherwise). Batch not in completed/failed state returns 400 'Batch not yet completed'; otherwise streams text/csv with Content-Disposition attachment filename batch_{id}_results.csv, columns varying by job_type.",backend/src/api/batch_router.py:666-699,API,RETEST-PASS,,,"Completed batch -> 200 text/csv, Content-Disposition attachment filename=batch_{id}_results.csv with DFM columns. In-flight batch -> 400 'Batch not yet completed (status: processing)'. Other-org -> 404."
BAT-009,API batch,POST /api/v1/batch/{id}/cancel,Cancel batch atomically,"As an analyst, I cancel an in-flight batch and no items stay stuck pending.","Role>=analyst, org-scoped with row lock (404 otherwise). A batch already completed/failed/cancelled returns 409. Success sets status=cancelled, stamps completed_at, terminalizes all unfinished items to skipped, and returns {batch_id, status:cancelled}.",backend/src/api/batch_router.py:707-747,API,RETEST-PASS,,,"Cancel processing batch -> 200 {batch_id,status:cancelled}; completed_at stamped, 2 items terminalized to skipped, pending 0. Re-cancel -> 409 'already in terminal state: cancelled'; cancel completed batch -> 409; other-org -> 404."
BAT-010,API corpus/labeling,GET /api/v1/corpus/parts + GET /api/v1/corpus/parts/{part_id},Corpus list and detail with label overlay,"As a local single operator (LABELING_ENABLED=1), I browse corpus parts with their manifest metadata and resolved labels.","Routes exist ONLY when LABELING_ENABLED=1 (404 otherwise — expected production behavior); deliberately unauthenticated (localhost tool). List returns offset/limit pages with labeled/unlabeled counts, per-part metadata, process_family_guess, resolved label (exact labeler or majority), and mesh_url; unlabeled_only filters. Detail returns the manifest record plus all effective labels; unknown part_id returns 404.",backend/src/api/corpus_router.py:183-292; backend/main.py:589-592,API,RETEST-PASS,,,"NOW TESTABLE (corpus seeded, 2 parts). Unauthenticated list -> 200 total:2 with labeled/unlabeled counts, per-part metadata, process_family_guess, resolved label overlay (casting after relabel), mesh_url; unlabeled_only works. Detail returns manifest record + labels[]; unknown part_id -> 404."
BAT-011,API corpus/labeling,GET /api/v1/corpus/parts/{part_id}/mesh.stl,Stream corpus STL (path-safe),"As the local labeler, I fetch a part's STL for the viewer straight from local disk.","Returns FileResponse model/stl with ETag and Cache-Control for a manifest part; part_id not in manifest, a rel_path escaping CORPUS_ROOT (traversal), or a missing file each return 404 with distinct logged reasons. Nothing leaves the machine.",backend/src/api/corpus_router.py:241-263,API,RETEST-PASS,,,"NOW TESTABLE: mesh.stl -> 200 FileResponse content-type model/stl with ETag (part sha) and Cache-Control public,max-age=3600; body is the 684-byte STL. Unknown part -> 404; traversal ..%2F..%2Fetc%2Fpasswd -> 404."
BAT-012,API corpus/labeling,POST /api/v1/corpus/labels,Record human label (append-only),"As the local labeler, I record one process-family label per part; my latest label wins without erasing history.","part_id not in manifest returns 404; label outside the 6-key ontology (additive, subtractive, injection_molding, sheet_metal, casting, unsure_other) returns 422. Success appends a JSONL record (never mutates prior lines) with labeler resolved from body > X-Labeler header > LABELER env > 'local', and returns {ok, part_id, label, labeler, ts}.",backend/src/api/corpus_router.py:300-357,API,RETEST-PASS,,,"NOW TESTABLE: label outside 6-key ontology ('3d_printed') -> 422 VALIDATION_ERROR naming the ontology; unknown part_id -> 404. Success -> 200 {ok,part_id,label,labeler,ts} with labeler from X-Labeler header and from body. Append-only verified: data/labels.jsonl keeps both records; latest wins in overlay (additive then casting -> resolved casting)."
BAT-013,API corpus/labeling,GET /api/v1/corpus/progress,Labeling progress/coverage,"As the local labeler, I see how much of the corpus is labeled and by whom.","Returns total_parts, labeled, unlabeled, per_label_counts across the full ontology (zero-filled), per_guess_counts, and the sorted labeler list; optional ?labeler= scopes resolution to that labeler's records.",backend/src/api/corpus_router.py:365-392,API,RETEST-PASS,,,"Progress -> total_parts:2, labeled:1, unlabeled:1, per_label_counts zero-filled across all 6 keys (casting:1), per_guess_counts, sorted labelers ['qa-retest']; ?labeler= scoping accepted."
BAT-014,API designs,GET /api/v1/designs + GET /api/v1/designs/{id},List/get designs,"As a viewer, I list my org's Design Studio projects and open one with its current revision.","Role>=viewer, rate-limited 120/hour; list returns up to `limit` (1-100) serialized (project, current revision) pairs scoped to the caller's org. Get returns 404 for unknown or other-org design.",backend/src/api/designs.py:72-153,API,RETEST-PASS,,,List 200 org-scoped; other-org key -> 404 on my design id; unknown design -> 404.
BAT-015,API designs,POST /api/v1/designs,Create design (async CAD generation),"As an analyst who is an org member, I submit a name + parametric DesignPlan and get an async generation job producing immutable STEP/STL artifacts.","Requires analyst role AND org member (require_role_and_org_role) plus open write kill-switch; body is strictly validated (extra fields forbidden, name 1-120 chars). Success returns 202 with serialized design, job_id, and poll_url; caller with no org gets 403. If the job queue is down, returns 503 DESIGN_ENQUEUE_FAILED with the persisted design still included in the body.","backend/src/api/designs.py:85-122; backend/src/services/design_service.py:302,365-369",API,RETEST-PASS,,,"Plate plan -> 202 with serialized design (status generating, revision queued), job_id and poll_url. Extra body field -> 422 (extra=forbid). GENERATION NOW WORKS: design reached status ready in ~1s with geometry_hash + bbox. 403 no-org path untestable (signup auto-creates org)."
BAT-016,API designs,POST /api/v1/designs/interpret,Prompt-to-plan interpreter,"As an analyst, I type a natural-language prompt (max 500 chars) and get a structured DesignPlan suggestion without creating anything.","Requires analyst+org-member role; synchronous, no DB write; returns the interpreter's plan output for the prompt. Empty or over-length prompt fails validation (422).",backend/src/api/designs.py:125-136,API,RETEST-PASS,,,Prompt '60x40 mm plate 5mm thick with two 6mm holes' -> 200 needs_input kind=plate with prefill dims and missing hole_diameter_mm; no DB write. Empty prompt -> 422; 600-char prompt -> 422.
BAT-017,API designs,POST /api/v1/designs/{id}/revisions + GET .../revisions + GET .../revisions/{n},Immutable revisions,"As an analyst, I add a new plan revision to a design and read back the immutable revision history.",Create returns 202 with new revision + job_id; 404 for unknown/other-org design and 409 'The current revision is still generating' while a build is in flight; queue outage returns 503 DESIGN_ENQUEUE_FAILED. Revision list returns current_revision plus all serialized revisions; revision_no < 1 or unknown returns 404.,backend/src/api/designs.py:156-237; backend/src/services/design_service.py:393-403,API,RETEST-PASS,,,"Revision create -> 202 (revision 2 + job); immediate second POST while generating -> 409 'The current revision is still generating'. Revision list -> current_revision 2, both revisions ready. revisions/0 and /99 -> 404; other-org revision create -> 404."
BAT-018,API designs,DELETE /api/v1/designs/{id},Archive design,"As an analyst org-member, I archive a design I no longer need.",Kill-switch gated; returns 204 on success; 404 for unknown/other-org design; 409 'A generating design cannot be archived' while its revision is still building.,backend/src/api/designs.py:240-250; backend/src/services/design_service.py:465-468,API,RETEST-PASS,,,Archive while generating -> 409 'A generating design cannot be archived'; after ready -> 204; unknown and other-org design -> 404.
BAT-019,API designs,GET /api/v1/designs/{id}/preview.stl + /download.step (+ /revisions/{n}/ variants),Download revision artifacts,"As a viewer, I stream the STL preview or download the STEP file for the current or a specific revision.","Org-scoped; streams model/stl inline or model/step attachment with sanitized filename; STEP responses carry Cache-Control: private, no-store and an X-Geometry-SHA256 header with the revision's geometry hash. Not-yet-succeeded revision returns 409 'Design artifact is not ready'/'unavailable'; deleted blob returns 410; unknown design 404.",backend/src/api/designs.py:253-346; backend/src/services/design_service.py:497-514,API,RETEST-PASS,,,"NOW TESTABLE (gmsh fixed): preview.stl -> 200 model/stl inline filename QA_Retest_Plate.stl (1MB ASCII STL); download.step -> 200 model/step attachment with Cache-Control: private, no-store and X-Geometry-SHA256 exactly matching the revision geometry_hash; ISO-10303-21 STEP body. revisions/1/download.step -> 200. Download while new revision generating -> 409 'Design artifact is not ready'; other-org and unknown -> 404. 410 deleted-blob path not exercisable (no blob deletion route)."
BAT-020,API integrations,GET /api/v1/integrations/connectors,Connector catalog,"As a viewer, I see which SAP/PLM/quote connectors exist and their honest mode (offline_csv vs sandbox_api — no live credentials pretended).","Role>=viewer; returns the static connector list with id, mode (offline_csv or sandbox_api), and metadata; no org data involved.",backend/src/api/integrations.py:96-103; backend/src/services/integration_service.py:81-151,API,RETEST-PASS,,,"Catalog: 3 offline_csv (configured:true) + 2 sandbox_api (configured:false, live_credentials_required:true) with id/mode/metadata; no org data."
BAT-021,API integrations,GET+POST /api/v1/integrations/credential-profiles,Credential profiles (org-admin),"As an org admin, I register and list connector credential profiles for my org.",Requires OrgRole.admin; caller without an org gets 403. POST validates connector_id/label/base_url/auth_type lengths and returns 201 with the serialized profile (secret material not echoed raw); GET lists the org's profiles optionally filtered by connector_id.,backend/src/api/integrations.py:106-144,API,RETEST-PASS,,,"POST valid api_key secret (with header_name) -> 201; raw secret never echoed, only secret_fingerprint (hmac_sha256). String secret -> 422; unknown connector_id -> 404; api_key secret without header_name/query_param -> 400 (clean domain error). GET list with connector_id filter -> 200."
BAT-022,API integrations,GET/POST-probe/DELETE /api/v1/integrations/credential-profiles/{id},"Profile detail, probe, revoke","As an org admin, I inspect a stored profile, run a connectivity probe, and revoke it.",All org-scoped to the admin's org (other-org profile not retrievable). Probe returns a probe result object without performing live-credentialed writes; DELETE marks the profile revoked and returns the updated serialized profile (200).,backend/src/api/integrations.py:147-184,API,RETEST-PASS,,,"Detail 200 own org; other-org key -> 404. Probe -> 200 {read_only:true, mode:sandbox_api, fingerprint, reason:null} with no live write. DELETE -> 200 serialized profile with revoked_at set, configured:false."
BAT-023,API integrations,POST /api/v1/integrations/runs,Offline CSV dry-run / import with run ledger,"As an analyst, I upload a connector CSV export to dry-run it through the real parsers, or actually import it, with durable run evidence either way.","mode=dry_run parses only; mode=import executes the matching importer and is blocked when the write kill-switch is closed; any other mode returns 400. Empty upload returns 400; CSV over INTEGRATION_IMPORT_MAX_MB (default 10MB) returns 413; unknown connector 404; non-UTF-8 CSV 400. Success persists an org-stamped integration_runs ledger row (raw bytes hashed+counted, not stored) and returns the serialized run with imported/updated counts (0 in dry_run).",backend/src/api/integrations.py:187-221; backend/src/services/integration_service.py:157-273,API,RETEST-PASS,,,"ground_truth_csv dry_run -> run status passed, rows_valid:2, imported_count:0, raw_stored:false, file sha256+size recorded. mode=import -> imported_count:2. mode=yolo -> 400; unknown connector -> 404; empty file -> 400; non-UTF-8 -> 400. 413 >10MB cap notes-only."
BAT-024,API integrations,GET /api/v1/integrations/runs + GET /runs/{id},Integration run ledger reads,"As a viewer, I audit past connector runs for my org and open one run's evidence.","Role>=viewer, org-scoped (403 with no org). List is cursor-paginated (limit<=100) with connector_id and status filters (invalid status returns 400); detail returns 404 for unknown/other-org run.",backend/src/api/integrations.py:224-264; backend/src/services/integration_service.py:309-331,API,RETEST-PASS,,,List with connector_id filter + limit -> 200 (2 runs); status=bogus -> 400 'invalid integration run status'; detail 200 own org; other-org run -> 404; unknown run -> 404.
BAT-025,API rfq,POST /api/v1/rfq-packages,Create RFQ evidence package,"As an analyst, I bundle saved cost-decision artifacts into a local RFQ evidence package for a supplier (no send, no marketplace).","Kill-switch gated, role>=analyst, org required (403 otherwise). Empty decision_ids returns 400; more than MAX_ITEMS returns 400; any decision not found in the caller's org returns 404. Success returns 201 with the serialized package including items; include_raw_cad optionally embeds source CAD.",backend/src/api/rfq_packages.py:40-62; backend/src/services/rfq_package_service.py:393-420,API,RETEST-PASS,,,"Created from saved cost decision (POST /validate/cost qa-box.stl -> saved.id) -> 201 package with items, honest warnings (decision_unapproved, confidence_unvalidated), raw_cad_included:false, live_supplier_send:false. Empty decision_ids -> 400; unknown decision -> 404; other-org decision -> 404."
BAT-026,API rfq,GET /api/v1/rfq-packages + GET /{package_id},List/get RFQ packages,"As a viewer, I list my org's RFQ packages and open one with its line items.",Role>=viewer; list returns up to limit (1-100) org-scoped packages; detail includes items and returns 404 'RFQ package not found.' for unknown or other-org package.,backend/src/api/rfq_packages.py:65-88; backend/src/services/rfq_package_service.py:520-546,API,RETEST-PASS,,,List 200 org-scoped; detail includes 1 item; other-org and unknown package -> 404 'RFQ package not found.'
BAT-027,API rfq,GET /api/v1/rfq-packages/{package_id}/download.zip,Download RFQ evidence ZIP,"As a viewer, I download the package as a ZIP (supplier brief, line-items CSV, decision evidence, optional CAD).",Org-scoped (404 otherwise); builds the ZIP on demand and returns application/zip with a sanitized attachment filename '{title}-{ulid}.zip'.,backend/src/api/rfq_packages.py:91-106; backend/src/services/rfq_package_service.py:550+,API,RETEST-PASS,,,"download.zip -> 200 application/zip, attachment 'QA_RFQ_Package-{ulid}.zip' (sanitized). Valid ZIP: package_manifest.json, line-items.csv, supplier-brief.md/pdf, cost-decisions.json, per-decision evidence + raw-cad-unavailable.txt. Other-org -> 404."
BAT-028,API reconstruct,GET /api/v1/reconstruct/capability,Honest reconstruction capability probe,"As any authenticated user, I check whether image-to-3D is actually enabled before my browser accepts images.","Role>=viewer; returns available, can_submit (true only for analyst+), effective_backend, customer_data_egress/requires_egress_acknowledgement flags, an honest human message for each state (disabled / third-party egress / in-deployment), and an accuracy_notice that meshes are estimates, plus verify_path fallback.",backend/src/api/reconstruct_router.py:26-67,API,RETEST-PASS,,,"Documented honest-disabled state verified: 200 {available:false, can_submit:true (analyst), effective_backend:none, customer_data_egress:false, requires_egress_acknowledgement:false}, honest message, accuracy_notice (estimate, not authoritative CAD), verify_path fallback."
BAT-029,API reconstruct,POST /api/v1/reconstruct,Image-to-mesh submit with honest 501 + egress opt-in gate,"As an analyst, I upload 1-4 images with a ULID Idempotency-Key to reconstruct a mesh — and if no backend is available I get an honest refusal, never a silent third-party egress.","With no local model and no explicit remote opt-in (RECONSTRUCTION_BACKEND=remote / RECONSTRUCTION_ALLOW_REMOTE_EGRESS=1), returns 501 RECONSTRUCTION_UNAVAILABLE — EXPECTED default behavior. A remote-egress backend without the X-Reconstruction-Egress-Acknowledged header returns 428. Otherwise: image count outside 1-4 or invalid images return 400, idempotency conflict 409, queue outage 503 RECONSTRUCTION_ENQUEUE_FAILED (retryable), success 202 with job_id and poll_url /api/v1/jobs/{ulid}.",backend/src/api/reconstruct_router.py:70-172; backend/src/services/reconstruction_service.py:80-236,API,RETEST-PASS,,,Documented honest-disabled: submit with PNG + ULID Idempotency-Key -> 501 RECONSTRUCTION_UNAVAILABLE with explicit no-local-model + remote-egress opt-in copy (EXPECTED default; never silent egress). 428/400/409/503/202 paths need an enabled backend.
BAT-030,API reconstruct,GET /api/v1/reconstructions/{job_id}/mesh.stl,Download reconstructed mesh,"As a viewer who owns the job, I download the reconstructed STL once the job completes.","Ownership-scoped; streams application/sla with attachment filename reconstructed_{job_id}.stl; returns 404 when the job is unknown, not the caller's, or not complete.",backend/src/api/reconstruct_router.py:175-201,API,RETEST-PASS,Malformed job_id crashes with 500: GET /api/v1/reconstructions/01JUNKNOWNULIDAAAAAAAAAAAA/mesh.stl (26 chars but invalid Crockford ULID) -> HTTP 500 'Internal Server Error'. Cause: reconstruction_service._validate_ulid raises ValueError which reconstruct_router.download_reconstruction_mesh does not catch. Expected 404 for any unknown job per story.,,FIX VERIFIED: malformed ULID (01JUNKNOWNULIDAAAAAAAAAAAA) -> 404 'Mesh not found or job not complete' (was 500 in pass 1); short garbage id -> 404; well-formed unknown ULID -> 404. Success/ownership-positive path untestable (no reconstruction backend).
BAT-031,API ground-truth,POST /api/v1/ground-truth + GET '' + GET /{record_id},Org-scoped ground-truth records,"As an analyst, I persist real cost/quote data (with provenance and stand_in honesty flags) for my org; as a viewer I read it back.","Create: kill-switch gated, analyst, 403 without org, 422 VALIDATION_ERROR on schema-invalid payload (non-positive cost, empty part_id); 400 for domain-invalid values that pass the schema; last-write-wins dedup on (part_id, process, quantity, shop); emits groundtruth.ingested audit event; source_type synthetic/seed/demo/stand_in is forced to stand_in=True and can never validate. Reads: viewer, org-scoped; detail returns 404 for other-org record.",backend/src/api/groundtruth.py:170-232,API,RETEST-PASS,"Invalid payload returns 422, documented expected is 400: POST /api/v1/ground-truth with actual_unit_cost_usd=-2 -> 422 VALIDATION_ERROR (pydantic gt=0), and empty part_id -> 422 (min_length). Story (and route docstring) promise 'a non-positive cost / empty part_id is a clean 400'; the service-level ValueError->400 path is unreachable for these named cases. Minor status-code deviation; no crash.",,"Matches UPDATED expected: cost=-2 -> 422 VALIDATION_ERROR (gt=0), empty part_id -> 422; domain-invalid passing schema -> clean 400 (evidence_sha256='nothex' -> 400 'must be a 64-character hex digest'; unknown source_type also service-400 path). Create 200 org-stamped; source_type=synthetic forces stand_in:true with source rewritten '[STAND-IN - not real]' even when stand_in:false sent; last-write-wins dedup on (part_id,process,quantity,shop): new id returned, old id 404s, cost updated. Reads viewer org-scoped; other-org detail -> 404."
BAT-032,API ground-truth,POST /api/v1/ground-truth/recalibrate,Honestly gated recalibration,"As an analyst, I trigger recalibration over my org's records to refresh measured cost confidence intervals — but only when there is enough REAL data.","Kill-switch gated, analyst, tight rate limit (10/hour). With fewer than MIN_REAL_RECORDS real (non-stand-in) records, returns 422 naming n_real, n_records, and min_real instead of emitting a calibration from synthetic data — EXPECTED honest refusal. Otherwise returns the recalibration summary including whether the band is validated (True only from real held-out residuals).",backend/src/api/groundtruth.py:235-264,API,RETEST-PASS,,,With 4 real records: 422 honest refusal naming 4 REAL < 8 required with n_real/n_records/min_real detail and explicit copy that stand-in/synthetic never count. EXPECTED honest gate.
BAT-033,API ground-truth,GET /api/v1/ground-truth/import/template + POST /import,Bulk CSV import with honest partial success,"As an analyst, I download the exact CSV header, then bulk-import historical costs; bad rows are reported per-line, never coerced.","Template returns plain-text CSV header + example (viewer). Import: kill-switch gated, analyst; accepts multipart file OR raw text/csv body; over GROUNDTRUTH_IMPORT_MAX_MB (default 10MB) returns 413 streamed (never buffered unbounded); empty 400; non-UTF-8 400. Always 200 on parseable input with {imported, skipped, total, errors:[{line, reason}]} — even imported=0 with all rows invalid; imported rows go through the same org-scoped create path as real (stand_in=False) unless source_type marks them synthetic.",backend/src/api/groundtruth.py:267-348,API,RETEST-PASS,,,"Template -> 200 text/plain CSV header + valid example row. Import: multipart AND raw text/csv body both work; mixed file (1 good, 1 bad quantity) -> 200 {imported:1, skipped:1, total:2, errors:[{line:3, reason:""quantity not an integer ('xyz')""}]} - honest partial success; empty body -> 400; non-UTF-8 -> 400. 413 >10MB streamed cap notes-only."
BAT-034,API metrics,GET /metrics,Prometheus exposition (deliberately unauthenticated),"As an operator, my Prometheus scraper reads machine metrics without an API key (private-network scrape by design).",Unauthenticated by design. METRICS_ENABLED=0 returns 404 (expected disable behavior); prometheus-client not installed returns honest 503 'metrics unavailable'; otherwise returns text/plain; version=0.0.4 exposition including HTTP counters/histograms and queue/worker gauges refreshed from ops health (scrape stays 200 even if the DB is momentarily down — stale gauges over a failing endpoint).,backend/src/api/metrics.py:39-114,API,RETEST-PASS,,,"GET /metrics unauthenticated -> 200 text/plain; version=0.0.4 with cadverify_http_requests_total counters, duration histograms, jobs/batches/worker gauges (cadverify_async_worker_up 1). METRICS_ENABLED=0 and missing-prometheus-client paths not exercisable without env changes (notes-only)."
BAT-035,API metrics,GET /metrics (label hygiene via middleware/registry),"Bounded, PII-free metric labels","As a security-conscious operator, metrics never leak ULIDs, filenames, or user data through labels.","MetricsMiddleware records every request under the matched route TEMPLATE (e.g. /api/v1/batch/{batch_id}); unmatched requests collapse to a single __unmatched__ label; cost-decision outcomes are clamped to {ok, geometry_invalid, error}; status gauges are bucketed to fixed status sets with 'other' overflow. Requesting /api/v1/batch/SOME-ULID then scraping /metrics shows the template label, never the raw ULID.",backend/src/api/metrics.py:43-86; backend/src/api/metrics_registry.py:53-227,API,RETEST-PASS,,,"After many ULID-addressed requests, scrape contains ZERO raw ULIDs (grep '01KZA6' = 0); batch routes appear only as templates (/api/v1/batch/{batch_id}, .../cancel, .../items, .../results/csv); unmatched requests collapse to __unmatched__; cost_decisions_total clamped to {ok, geometry_invalid}; status gauges bucketed with 'other' overflow."
CAT-001,API catalog/cost,GET /api/v1/catalog,Parts×decisions grid,"As a viewer, I see a paginated grid of my org's parts with recommended route, unit cost, DFM findings, provenance posture, and Drafted/Costed state so I can browse the portfolio without joining raw endpoints.","Requires viewer role; rows built only from caller's org (resolve_org; no membership = empty grid, never cross-org). Offset pagination (page/page_size<=100) with consistent total; facets state/route/has_findings applied before pagination; invalid state value = 400. Response includes facets summary over full org catalog, filters echo, and honest truncated flag when scan cap exceeded.",backend/src/api/catalog.py:46-183,API,RETEST-PASS,,,"row keys=analysis,cost_decision,file_type,filename,findings,lifecycle_state,part_key,provenance_posture,recommended_route,route_blocker_count,unit_cost,updated_at"
CAT-002,API catalog/cost,GET /api/v1/catalog?keyset=true,Keyset catalog (SCALE mode),"As a viewer with a huge inventory, I can walk the whole uncapped catalog with keyset pagination over the materialized part-summary projection.","keyset=true returns {rows, next_cursor}; passing next_cursor back walks pages; facet filters do not apply. Undecodable cursor = 400 'invalid cursor', never 500. Cold projection with real parts: first page (no cursor) falls back read-only to legacy capped catalog with cold_projection:true and truncated flag.",backend/src/api/catalog.py:67-140,API,RETEST-PASS,,,keyset nrows=2 cold=None
CAT-003,API catalog/cost,GET /api/v1/catalog/portfolio,Portfolio savings roll-up,"As a viewer, I see my org's Costed parts ranked by engine-computed redesign savings with an honest posture aggregate so I can prioritize redesigns.","Viewer role; org-scoped (no org = empty roll-up). savings is always a delta of two persisted engine numbers; parts with no signal carry savings:null + reason; parts with no cost decision excluded (excluded_no_cost_count); validated copied from confidence band, never set here. $/year figures appear only when user-declared annual_volume exists (context_note added when programs declared); truncated scan adds a note. Interactive rate limit 600/hour.",backend/src/api/catalog.py:186-241,API,RETEST-PASS,,,"summary={""parts"": 2, ""costed"": 2, ""drafted"": 0, ""excluded_no_cost_count"": 0, ""truncated"": false, ""posture"": {""measured"": 0, ""shop"": 0, ""user"": 0, ""default"": 12, ""total"": 12, ""grounded"": 0, ""grounded_pct"": 0.0; row0={""part_key"": ""8138faf735730b4b125a0cafab8b271ade8f0992c27e4e9d110dd32575be69bc"", ""filename"": ""qa-part2.stl"", ""lifecycle_state"": ""Costed"", ""make_now_process"": ""mjf"", ""unit_cost"": {""usd"": 5.21, ""qty"": 50, ""currency"": ""USD"", ""withheld"": false, ""withheld"
CAT-004,API catalog/cost,GET /api/v1/catalog/triage,Makeability triage roll-up,"As a viewer, I see how many of my org's parts are makeable / needs_review / unknown per process so I can triage a legacy pile at portfolio scale.","Viewer role; org-scoped; empty org returns zeroed summary (not error). Buckets are exhaustive and mutually exclusive (sum to total); parts with no analysis are 'unknown', never assumed makeable. Uses SQL GROUP BY over part_summaries projection; cold projection with real parts falls back read-only to legacy capped fold with truncated:true + note. Programs grouping present only when user-declared programs exist.",backend/src/api/catalog.py:244-307,API,RETEST-PASS,,,"summary={""total"": 2, ""analyzed"": 0, ""makeable"": 0, ""needs_review"": 0, ""unknown"": 2, ""truncated"": false}"
CAT-005,API catalog/cost,GET /api/v1/catalog/makeability,In-house makeability rollup + bucket drill-down,"As a viewer, I see how many parts are makeable on owned equipment vs. outside vs. blocked by a capability gap, and can drill into each bucket, so I can plan in-house work.","Viewer role; org-scoped; rollup counts 6 buckets from stored Phase-C verdicts, never recomputed. Invalid bucket name = 400 listing valid buckets; bucket drill-down returns keyset {rows, next_cursor} with per-row makeability {verdict, stale, gap}; bad cursor = 400. Stale verdicts counted and flagged (stale_note), never hidden; cold projection with real parts adds cold_projection:true + note; zero evaluated parts adds evaluation_note.",backend/src/api/catalog.py:310-411,API,RETEST-PASS,,,"summary={""makeable_in_house"": 0, ""makeable_outside"": 0, ""needs_capability"": 0, ""not_makeable"": 0, ""unknown"": 2, ""geometry_invalid"": 0, ""total"": 2, ""stale_count"": 0, ""stale"": false, ""truncated"": false}"
CAT-006,API catalog/cost,GET /api/v1/catalog/capability-investment,Capability-investment ranking + unlock drill-down,"As a viewer, I see which single machine acquisition would unlock the most blocked parts so I can justify equipment purchases.","Viewer role; org-scoped; ranking is a GROUP BY over stored (unlock_process, unlock_gate) gap data — no acquisition dollar cost ever fabricated (basis_note states this). Parts blocked by multiple constraints reported separately in summary.blocked_by_multiple_constraints, never folded in. ?process= (optionally &gate=) returns keyset drill-down of unlocked parts; bad cursor = 400; stale entries flagged; empty ranking with zero blocked adds explanatory note.",backend/src/api/catalog.py:414-495,API,RETEST-PASS,,,"keys=['basis_note', 'note', 'ranking', 'summary']; body={""ranking"": [], ""summary"": {""acquisitions"": 0, ""parts_unlockable_by_one_acquisition"": 0, ""blocked_by_multiple_constraints"": 0, ""total_blocked"": 0, ""stale"": false, ""truncated"": false}, ""basis_note"": ""Ranking counts parts whose SINGLE binding constraint one acquisition closes, computed only from stored gap data. Parts blocked by multiple constraints are reported in blocked_by_multiple_constraints and never folded in. No acquisition dollar cost is shown \u2014 none is available from engine data (ne"
CAT-007,API catalog/cost,GET /api/v1/cost-decisions + GET /api/v1/cost-decisions/{id},Cost-decision list + detail,"As a viewer, I list my org's saved cost decisions (cursor-paginated, filterable by process/date) and open one to see the full immutable result_json with governance state.","Viewer role; list is org-scoped via caller_org_subquery; ULID cursor pagination with has_more/next_cursor; invalid ISO created_after/before = 400. Detail returns full envelope incl. mesh_hash (private source identity), share_url, governance fields; a decision in another org = 404 (never 403, existence never leaks).",backend/src/api/cost_decisions.py:76-170; backend/src/services/cost_decision_service.py:396-412,API,RETEST-PASS,,,list key is cost_decisions; ULID cursor pagination + org-scoped 404 verified
CAT-008,API catalog/cost,"GET /api/v1/cost-decisions/compare?ids=a,b",Compare two decisions,"As a viewer, I get a structured diff of two owned decisions (unit cost by qty, make/tooling process, crossover, driver deltas) to evaluate alternatives.","Viewer role; exactly two comma-separated ids required else 400; each id must resolve in caller's org else 404. Response compares recommended unit cost per quantity with delta and pct, plus process/crossover diffs.",backend/src/api/cost_decisions.py:120-138; cost_decision_service.py:826+,API,RETEST-PASS,,,"compare keys=['a', 'b', 'diff', 'unit_cost_by_qty', 'unit_costs_by_process']; body={""a"": {""id"": ""01KZA2CSJQJ4W4B2QXX1D68D92"", ""filename"": ""qa-box.stl"", ""label"": null, ""make_now_process"": ""mjf"", ""make_now_material"": ""PP (Polypropylene)"", ""tooling_process"": ""injection_molding"", ""crossover_qty"": 2815.0, ""material_class"": ""polymer"", ""created_at"": ""2026-08-05T22:58:34.159669+00:00""}, ""; cross-org: foreign compare verified"
CAT-009,API catalog/cost,PUT /api/v1/cost-decisions/{id}/disposition,Record/withdraw human sourcing outcome,"As an analyst, I record the four-way outcome (inhouse/outside/acquire/redesign) or withdraw it with null, without altering the engine artifact.","Analyst role; org-scoped 404. Invalid disposition = 400 (422 via Literal at router); note >1000 chars = 422 VALIDATION_ERROR (router schema max_length). Recording 'inhouse' while the selected route is DFM-blocked = 409 (fail closed). Any real change reopens an existing approval; identical repeat PUT is idempotent (no timestamp rewrite, no duplicate audit). result_json remains byte-identical; audit event emitted.",backend/src/api/cost_decisions.py:173-195; cost_decision_service.py:488-571,API,RETEST-PASS,"note>1000 chars: documented expected=400, actual=422 (router Field(max_length=1000) rejects with 422 before the service 400 at cost_decision_service.py:506-509 can fire)",,409 inhouse-DFM-blocked path not triggerable with clean fixture (no DFM-blocked route)
CAT-010,API catalog/cost,POST /api/v1/cost-decisions/{id}/approve + DELETE .../approve,Approve / reopen signoff,"As an analyst, I sign off a saved decision (optional note ≤1000 chars) or reopen its approval, leaving the saved artifact immutable.",Analyst role; org-scoped 404. Approve sets approval_status=approved with approver id/timestamp/trimmed note; DELETE resets to unreviewed and clears approver fields. Response returns governance fields incl. time-aware is_stale (future stale_at not stale until effective instant).,backend/src/api/cost_decisions.py:198-230; cost_decision_service.py:363-455,API,RETEST-PASS,,,long approve note -> 422 (validation reject; expected col makes no status claim)
CAT-011,API catalog/cost,GET /api/v1/cost-decisions/{id}/pdf,Cost-report PDF download,"As a viewer, I download the cost-report PDF of a saved decision for offline review.","Viewer role; org-scoped (service resolves via user_id, 404 for foreign decisions). Returns application/pdf with sanitized attachment filename; PDF generated or fetched from cache by cost_pdf_service.",backend/src/api/cost_decisions.py:233-250,API,RETEST-PASS,,,"pdf 54178 bytes; attachment; filename=""qa-box-cost-report.pdf"""
CAT-012,API catalog/cost,GET /api/v1/cost-decisions/{id}/export.json + export.csv,Glass-box JSON/CSV export,"As a viewer, I export the decision's raw result_json (plus governance block) or an estimates/line-items/confidence CSV for external analysis.","Viewer role; org-scoped 404. JSON export = result_json merged with governance fields, attachment Content-Disposition with sanitized filename stem; CSV export = build_estimates_csv over result_json + governance, text/csv attachment.",backend/src/api/cost_decisions.py:253-299,API,RETEST-PASS,,,
CAT-013,API catalog/cost,POST /api/v1/cost-decisions/{id}/share + DELETE .../share,Create/revoke public share link,"As an analyst, I generate a public /s/cost/{short_id} link for a decision and can revoke it so the link 404s immediately.","Analyst role; org-scoped 404. POST is idempotent — an existing share returns the same short id; sets is_public=true. DELETE clears share_short_id and is_public, returns 'Share revoked'.",backend/src/api/cost_decisions.py:302-326; cost_decision_service.py:703-751,API,RETEST-PASS,,,"share resp={""share_url"": ""/s/cost/XBQ5xzjPbb4C"", ""share_short_id"": ""XBQ5xzjPbb4C""}"
CAT-014,API catalog/cost,GET /s/cost/{short_id},Public shared cost view,"As an anonymous link recipient, I view a shared cost decision sanitized of owner PII so the owner can share evidence safely.","No auth; 404 when short_id unknown or share revoked (is_public false). Response is allow-listed — excludes user_id, api_key_id, mesh_hash, params_hash, ids — while decision content (estimates, provenance, confidence band) is verbatim. Headers: X-Robots-Tag noindex and Cache-Control private,no-store; rate-limited 120/hour.",backend/src/api/cost_decisions.py:329-343; cost_decision_service.py:754-780,API,RETEST-PASS,,,
CAT-015,API catalog/cost,GET /api/v1/machine-inventory/catalog + GET .../import/template,Machine reference catalog + CSV template,"As a viewer, I fetch static MachineProfile templates (provenance 'catalog_template') to prefill a declaration, and the exact CSV header for a bulk import.","Viewer role; no org required for /catalog. Templates are editable prefills, never claimed as the org's machines. Template endpoint returns plaintext header (required column process; optional name/count/max_workpiece_kg/hourly_rate_usd/capital_frac/materials/material_thickness_map/capabilities/notes) plus an example row.",backend/src/api/machine_inventory.py:146-175,API,RETEST-PASS,"Template example row is malformed: header is process,name,... but the example row is 'Haas VF-2 #1,cnc_3axis,...' (name/process swapped), and the capabilities JSON is not CSV-quoted (inner quotes not doubled) so csv parsing shatters the row. Importing the template endpoint output verbatim into POST /machine-inventory/import fails its own contract: 200 {imported:0, skipped:1, errors:[{line:2, reason: capabilities is not valid JSON}]} (machine_inventory_service._example_row)",,"example row=cnc_3axis,Haas VF-2 #1,1,200,75,0.4,304 Stainless|steel,,""{""""x"""": 762, """"y"""": 406, """"z"""": 508, """"axes"""": 3, """"achievable_it_grade"""": 9}"",sho; roundtrip={""imported"": 1, ""skipped"": 0, ""total"": 1, ""errors"": []}"
CAT-016,API catalog/cost,GET + PUT /api/v1/machine-inventory/shop-capabilities,Shop-level secondary ops,"As an analyst, I declare (upsert) my org's shop-level secondary-op set; as a viewer I read it back (empty ops when unset).","GET viewer / PUT analyst; both 403 when caller has no org. PUT gated by kill switch; idempotent per org; a malformed op value or non-positive limit = 400, never coerced. A successful PUT marks the org's makeability projection stale in the same transaction.",backend/src/api/machine_inventory.py:178-218,API,RETEST-PASS,,,"initial={""ops"": {}, ""provenance"": ""user"", ""updated_at"": null}"
CAT-017,API catalog/cost,POST /api/v1/machine-inventory/import,Bulk machine CSV import,"As an analyst, I bulk-import owned machines from CSV and get an honest partial-success summary.","Analyst role + kill switch; 403 no org. Accepts multipart file or raw text/csv body; streamed with size cap (MACHINE_IMPORT_MAX_MB, default 10MB) = 413 on overflow, 400 empty or non-UTF-8. Strict parse: valid rows INSERTED (append, no natural key), bad rows reported per-line; returns 200 {imported, skipped, total, errors:[{line,reason}]}. Any import marks makeability projection stale.",backend/src/api/machine_inventory.py:221-270,API,RETEST-PASS,,,"summary={""imported"": 1, ""skipped"": 1, ""total"": 2, ""errors"": [{""line"": 3, ""reason"": ""count not an integer ('abc')""}]}"
CAT-018,API catalog/cost,POST /api/v1/machine-inventory + GET '' + GET /{machine_id},Declare + list/read machines,"As an analyst I declare one owned machine; as a viewer I list the org's machines (keyset, id ASC) and read one by id.","Create: analyst + kill switch, 403 no org, malformed capability field = 400 never coerced, 201 with provenance:'user' payload, audit event machine.created, marks projection stale. List/get: viewer, org-scoped; foreign or unknown id = 404 'no such machine in org'.",backend/src/api/machine_inventory.py:274-333,API,RETEST-PASS,,,"machine keys=['capabilities', 'capital_frac', 'count', 'created_at', 'hourly_rate_usd', 'id', 'material_thickness_map', 'materials', 'max_workpiece_kg', 'name', 'notes', 'process', 'provenance', 'updated_at']; id=01KZA2RT5CQ22MHCMAJT295EZE"
CAT-019,API catalog/cost,PATCH /api/v1/machine-inventory/{machine_id} + DELETE /{machine_id},Edit / delete machine,"As an analyst, I patch only the supplied machine fields (merged result re-validated) or delete a machine from the org registry.","Analyst + kill switch; 403 no org; 404 when machine not in caller's org; 400 on malformed field. Both mutations mark the makeability projection stale in the same txn and emit machine.updated/machine.deleted audit events; delete returns {deleted:true, id}.",backend/src/api/machine_inventory.py:336-386,API,RETEST-PASS,,,
CAT-020,API catalog/cost,GET /api/v1/material-library + GET /{version_id},Material catalog versions list + detail,"As a viewer, I list my org's materials-catalog versions (newest first, with flag_enabled) and open one with its full payload.",Viewer role; org-scoped; caller with no org gets empty versions list (list) and 404 (detail). Detail includes payload; foreign-org version = 404. flag_enabled reflects MATERIAL_LIBRARY_ENABLED.,backend/src/api/material_library.py:74-138,API,RETEST-PASS,,,cross-org: foreign material version verified
CAT-021,API catalog/cost,GET /api/v1/material-library/effective,Effective material overlay honesty,"As a viewer, I see whether the engine is actually overlaying a governed material catalog right now, so I never mistake an authored-but-unused catalog for a live one.",Viewer role. using_governed true only when flag on AND a published catalog is in effect; otherwise source='base_rate_table_material_prices' and payload null. Response always carries provenance:'default' and validated:false — declared prices are never validated.,backend/src/api/material_library.py:93-122,API,RETEST-PASS,,,"pre-publish={""flag_enabled"": false, ""using_governed"": false, ""source"": ""base_rate_table_material_prices"", ""provenance"": ""default"", ""validated"": false, ""payload"": null}; post-publish: flag off -> still base table (honest)"
CAT-022,API catalog/cost,POST /api/v1/material-library + PATCH /{version_id},Create/edit material draft,"As an org admin, I create a draft catalog (blank, from payload, or copied from an existing version) and edit its name/note/payload while still draft.",Requires org-admin (require_org_role); 400 when caller has no org. Invalid payload = 400; editing a non-draft = 409; unknown version / foreign org = 404. Returns serialized version with payload.,backend/src/api/material_library.py:141-190,API,RETEST-PASS,,,"draft keys=['change_note', 'created_at', 'created_by', 'effective_from', 'effective_to', 'id', 'name', 'payload', 'provenance', 'published_at', 'status', 'ulid', 'validated', 'version']"
CAT-023,API catalog/cost,DELETE /api/v1/material-library/{version_id} + POST /{version_id}/archive,Discard draft / archive published,"As an org admin, I discard an unwanted draft outright, or archive a superseded published version — but never delete the audit trail or strand the live overlay.",Org-admin; 404 unknown version. DELETE only works on drafts — published/archived = 409 (audit trail). Archive only works on published versions (409 otherwise) and the version currently in effect cannot be archived (409).,backend/src/api/material_library.py:193-224,API,RETEST-PASS,,,
CAT-024,API catalog/cost,POST /api/v1/material-library/{version_id}/publish,Publish material catalog,"As an org admin, I publish a draft with an effective date so the costing engine overlays it from that instant.","Org-admin; only drafts publishable (already-published = 409); effective_from in the past = 400; publishing closes the previously open version's effective_to (no overlap). Side effects in same txn: org cost decisions marked stale (reason material_library_published:vN, stale_at=effective_from) and library.version_published audit event.",backend/src/api/material_library.py:227-256,API,RETEST-PASS,,,stale_reason=material_library_published:v1 stale_at=2026-08-06T00:15:58.961962+00:00
CAT-025,API catalog/cost,GET /api/v1/rate-library + /effective + /{version_id},Rate-card versions list/effective/detail,"As a viewer, I list my org's rate-card versions, read one with payload, and see whether the engine is actually using a governed card vs. hardcoded RATE_CARD_V0.","Viewer role; org-scoped; no org = empty list / 404 detail. /effective: using_governed true only when RATE_LIBRARY_ENABLED and a published card in effect, else source='default_rate_card_v0'; always provenance:'default', validated:false.",backend/src/api/rate_library.py:74-135,API,RETEST-PASS,,,"pre-publish effective={""flag_enabled"": true, ""using_governed"": false, ""source"": ""default_rate_card_v0""}; post-publish={""flag_enabled"": true, ""using_governed"": true, ""source"": ""governed_rate_card""}"
CAT-026,API catalog/cost,POST /api/v1/rate-library + PATCH/DELETE /{version_id} + POST /{version_id}/archive,Rate-card draft lifecycle,"As an org admin, I draft a rate card (default table or copy of a version), edit it while draft, discard drafts, and archive superseded published versions.",Org-admin; 400 no org. Payload validated on create/edit (400 on invalid); edit/discard non-draft = 409; archive non-published = 409; archiving the currently-in-effect card = 409 (would strand the engine); unknown/foreign version = 404.,backend/src/api/rate_library.py:138-221; rate_library_service.py:276-403,API,RETEST-PASS,,,"create-default-draft (200, payload seeded from default table), copy via from_version_id, and draft discard all verified in earlier run"
CAT-027,API catalog/cost,GET /api/v1/rate-library/{version_id}/diff/{other_id},Rate-card structural diff,"As a viewer, I see exactly which leaf keys changed between two of my org's rate-card versions (path, from, to) to review a governance change.",Viewer role; both versions must exist in caller's org else 404 (never cross-tenant). Only genuinely changed leaf keys listed; unchanged keys never appear; response includes serialized from/to metadata.,backend/src/api/rate_library.py:224-250,API,RETEST-PASS,,,diff nested under 'diff' with from/to version metadata
CAT-028,API catalog/cost,POST /api/v1/rate-library/{version_id}/publish,Publish rate card,"As an org admin, I publish a draft rate card with an effective date so the engine reads it as the base default table.",Org-admin; draft-only (409 otherwise); past effective_from = 400; timeline never overlaps (prior open version closed). Marks org cost decisions stale (reason rate_library_published:vN) and emits library.version_published audit event in same txn.,backend/src/api/rate_library.py:253-282,API,RETEST-PASS,,,"fresh decision 01KZA6Z8JJ238BDCETD18EKEP6 marked stale reason=rate_library_published:v3; past-date 400, re-publish 409, v1 effective_to closed verified in prior run"
CAT-029,API catalog/cost,GET /api/v1/shop-library + GET /{version_id},Shop-profile versions list + detail,"As a viewer, I list my org's per-slug shop-profile versions and read one with payload, replacing the read-only flat-file profiles.",Viewer role; org-scoped; no org = empty list / 404 detail; foreign version = 404; flag_enabled reflects SHOP_LIBRARY_ENABLED. Governed profile is declared calibration bound as SHOP provenance — never validated/certified.,backend/src/api/shop_library.py:76-108,API,RETEST-PASS,,,
CAT-030,API catalog/cost,POST /api/v1/shop-library + PATCH/DELETE /{version_id} + POST /{version_id}/archive + POST /{version_id}/publish,Shop-profile lifecycle (draft/edit/discard/archive/publish),"As an org admin, I draft a shop profile under a slug, edit it while draft, discard drafts, archive superseded published versions, and publish with an effective date.","Org-admin; 400 no org; invalid body = 400; edit/discard non-draft = 409; archive: only published and not currently-in-effect-for-its-slug (409); publish is draft-only with no past effective_from, marks org decisions stale (reason shop_profile_published:slug:vN) and emits a library.version_published audit event.",backend/src/api/shop_library.py:111-229,API,RETEST-PASS,,,fresh decision 01KZA6Z9AJ6MQ2Q729C3MWXFPS stale reason=shop_profile_published:qa-retest-shop:v3; full lifecycle (draft/edit/400/publish gates/409s/archive rules/discard) verified in prior run
CAT-031,API catalog/cost,GET /api/v1/part-context/{mesh_hash},Read declared part context,"As a viewer, I read the user-declared business context (program, parent assembly, units per parent, annual volume, service environment, BOM linkage) for a part in my org.","Viewer role; org-scoped — no org or no declared row = 404 'no declared context for part' (cross-tenant read also 404). Response carries provenance:'user' — declared, never inferred from the mesh.",backend/src/api/part_context.py:65-79,API,RETEST-PASS,,,cross-org: foreign part-context verified
CAT-032,API catalog/cost,PUT /api/v1/part-context/{mesh_hash},Declare part context (upsert) + portfolio_delta,"As an analyst, I declare or update a part's context idempotently on (org, mesh_hash) and get back the recomputed portfolio row so the UI patches state without refetching the rate-limited portfolio.","Analyst role; 400 when no org; non-positive units_per_parent/annual_volume (or invalid service_environment / BOM fields) = 400, never coerced. Response is provenance:'user' and includes portfolio_delta computed after commit via the same build_portfolio path as GET /catalog/portfolio (byte-identical to a refetch). Nothing flips validated or fabricates demand.",backend/src/api/part_context.py:82-124,API,RETEST-PASS,,,portfolio_delta.row byte-identical to GET /catalog/portfolio row; 400s never coerced
CAT-033,API catalog/cost,POST /api/v1/bom/ingest-assembly,Assembly STEP/IGES BOM ingest,"As an analyst, I upload a STEP/IGES assembly and persist its real derived parent->child edge tree (source 'assembly_step') so rollups use measured instance counts.","Analyst + kill switch + org limits; 403 no org; upload capped (BOM_ASSEMBLY_MAX_MB, default 256MB) = 413; empty upload = 400. Reuses /validate/assembly extraction (security gate + 400s); idempotent per (org, assembly_key) — re-ingest replaces the tree; assembly_key defaults to filename; single-part file persists 0 edges with an honest note, never a fabricated hierarchy. Returns {assembly_key, edges, roots, source}.",backend/src/api/bom.py:99-135,API,RETEST-PASS,,,"ingest resp={""assembly_key"": ""qa-cube.step"", ""edges"": 0, ""roots"": [], ""source"": ""assembly_step"", ""note"": ""no multi-level hierarchy in this assembly (nothing to roll up)""}"
CAT-034,API catalog/cost,POST /api/v1/bom/onboard + GET /api/v1/bom/onboard/template,Customer BOM CSV/JSON onboard,"As an analyst, I onboard a parent_ref,child_ref,qty_per_parent BOM (CSV/JSON, file or raw body) against an assembly_key; the template endpoint gives me the exact header.","Analyst + kill switch; 403 no org; size cap 413 (BOM_IMPORT_MAX_MB default 10MB); empty body = 400; missing assembly_key (query/form/filename) = 400; non-UTF-8 = 400; > BOM_MAX_ROWS = 413. Strict parse: valid edges persisted (re-onboard replaces tree, source 'bom_csv'); malformed rows skipped and reported as errors:[{line,reason}]. Template (viewer) returns header + example row.",backend/src/api/bom.py:138-221,API,RETEST-PASS,,,"onboard={""assembly_key"": ""qa-vehicle"", ""edges"": 4, ""roots"": [""vehicle""], ""source"": ""bom_csv"", ""skipped"": 1, ""errors"": [{""line"": 6, ""reason"": ""qty_per_parent must be > 0 (got -3)""}]}"
CAT-035,API catalog/cost,GET /api/v1/bom/{assembly_key}/ancestry?child_ref= + GET /api/v1/bom/{assembly_key},Ancestry chain + tree read,"As a viewer, I trace a part child->root with the rolled-up multiplier and read the persisted edge list for an assembly key.","Viewer role; 403 no org; org-scoped so another org's tree is invisible. Missing tree or child_ref not in it = 200 with has_tree=false, empty chains, rolled_up_multiplier=null — never 500 or fabricated ancestry; shared components return every root-path in ancestry_paths and the SUMMED multiplier. Tree read returns {assembly_key, edges, roots, has_tree} with empty edges (not 404) for an absent tree.",backend/src/api/bom.py:224-268,API,RETEST-PASS,,,"ancestry={""assembly_key"": ""qa-vehicle"", ""child_ref"": ""handle"", ""has_tree"": true, ""ancestry"": [""handle"", ""door-assembly"", ""vehicle""], ""ancestry_paths"": [[""handle"", ""door-assembly"", ""vehicle""], [""handle"", ""trunk-assembly"", ""vehicle""]], ""rolled_up_multiplier"": 9, ""roots"": [""vehicle""]}; cross-org: foreign bom tree invisible (empty edges) verified"
CAT-036,API catalog/cost,POST /api/v1/manifest/import + GET /api/v1/manifest/import/template,Parts-manifest CSV import,"As an analyst, I bulk-import my org's declared parts manifest (SAP/Excel CSV, usually without geometry) with honest partial success; the template gives the exact columns.","Analyst + kill switch + org limits; 403 no org. Multipart file or raw text/csv; streamed cap (MANIFEST_IMPORT_MAX_MB default 10MB) = 413; empty = 400; non-UTF-8 = 400. Valid rows UPSERTED on (org_id, part_id) last-write-wins; bad rows reported per-line; fully-invalid file still 200 with imported=0 + errors. Returns {imported, updated, skipped, total, errors}. Template (viewer): required part_id, optional declared metadata columns.","backend/src/api/manifest.py:99-151,188-202",API,RETEST-PASS,,,"template header=part_id,description,material_class,program,parent_assembly,units_per_parent,annual_volume,quantity,r"
CAT-037,API catalog/cost,GET /api/v1/manifest + GET /api/v1/manifest/coverage,Manifest list + geometry-coverage headline,"As a viewer, I page through my org's declared manifest (keyset, part_id ASC) and see the coverage headline: total declared parts, by_program rollup, and how many have uploaded geometry.","Viewer role; 403 when caller has no org; org-scoped (one org's manifest never leaks). List returns {parts, next_cursor} with next_cursor null only on the final page and bounded limit. Coverage counts with_geometry/without_geometry by exact normalized-stem match against the same org's uploaded analyses — an honest count, never inferred.",backend/src/api/manifest.py:154-185,API,RETEST-PASS,,,coverage honest: with_geometry 0->1 after /validate upload of qa-box.stl (normalized-stem exact match)
CORE-001,API core,POST /api/v1/validate,Full DFM validation of uploaded CAD,"As an API engineer, I want to upload an STL/STEP/IGES part and get full manufacturing-validation results (geometry, segments, features, universal issues, per-process scores with standards citations, priority fixes) so I can judge manufacturability.","Requires API key with analyst role (401 no key, 403 viewer-only), kill-switch dep and 60/hour;500/day rate limit (429). 200 returns geometry summary, process_scores ranked, best_process with honest 'best_process_basis: geometry-manufacturability; material not declared' label; optional ?include_thickness=true adds wall_thickness_map; ?units=inch scales mesh x25.4 once. Errors: 400 unknown rule_pack/units/process, bad magic bytes, unsupported suffix, empty file; 413 over MAX_UPLOAD_MB (100MB default); 501 STEP without gmsh; 504 parse/analysis over ANALYSIS_TIMEOUT_SEC. Persists analysis row + usage_event via analysis_service (dedup by mesh hash).","backend/src/api/routes.py:734-863,90-127; backend/src/services/analysis_service.py:326-460",API,RETEST-PASS,,,"All paths verified incl. STEP (200, no 501). The retest-found edge case (cached bytes re-uploaded under unsupported suffix -> 500 in _persist_source_evidence) was fixed by adding the suffix gate before the cache lookup in analysis_service.run_analysis; verified live: 400 'Unsupported file type: .xyz'."
CORE-002,API core,POST /api/v1/validate?segmentation=sam3d,Async SAM-3D segmentation job enqueue,"As an API engineer, I want to request SAM-3D segmentation with my validation so a background job computes it while I get the synchronous result immediately.","Same auth as /validate. Returns 202 with {analysis_id, job_id, poll_url: /api/v1/jobs/{ulid}, result} after persisting the analysis, saving the mesh blob, and creating an idempotent sam3d job row. If Redis enqueue fails, returns structured 503 SAM3D_ENQUEUE_FAILED with retryable:true and the committed job_id retained for safe retry.",backend/src/api/routes.py:800-863,API,RETEST-PASS,,,"202 with analysis_id, job_id ULID, poll_url /api/v1/jobs/{ulid}, and immediate synchronous result. Job completed (status 'partial', sam3d) and result fetchable. 503 SAM3D_ENQUEUE_FAILED path untestable (Redis healthy)."
CORE-003,API core,POST /api/v1/validate/preview-mesh,Browser-renderable GLB preview of real tessellated shell,"As a frontend engineer, I want a decimated GLB of the uploaded part's real tessellated shell so STEP/IGES parts render as themselves in WebGL instead of a bounding box.","Analyst role required (401/403), 120/hour;1000/day limit (429). 200 returns model/gltf-binary bytes with headers X-Mesh-Original-Faces, X-Mesh-Preview-Faces, X-Mesh-Decimated, X-Mesh-Source, Cache-Control: no-store; decimates above PREVIEW_MESH_TARGET_FACES (50k default). Errors: 400 bad file/magic/export failure, 413 oversize, 501 no gmsh, 504 parse timeout. Zero-egress, nothing persisted; single-flight cache dedupes concurrent parses of the same bytes.","backend/src/api/routes.py:882-958,228-317",API,RETEST-PASS,,,"401/403 verified. STL: 200 model/gltf-binary ('glTF' magic), X-Mesh-Original-Faces:12, X-Mesh-Preview-Faces:12, X-Mesh-Decimated:false, X-Mesh-Source:stl, Cache-Control:no-store, single 'server: ProofShape' header. STEP now WORKS (no 501): qa-cube.step -> 200 GLB with X-Mesh-Original-Faces:185308, X-Mesh-Preview-Faces:40874, X-Mesh-Decimated:true (>50k decimation verified), X-Mesh-Source:step. 400 bad file. Untested: 120/hr 429, 413, single-flight cache."
CORE-004,API core,POST /api/v1/validate/assembly,STEP/IGES assembly ingestion (json|glb|analysis formats),"As an API engineer, I want to ingest a multi-solid STEP/IGES assembly and get per-part meshes, world positions, product tree, and optionally per-part DFM + should-cost + interference analysis.","Analyst role, 60/hour;500/day. format=json returns AssemblyModel dict (single-solid files classified single_part, limits/boundaries fields state AP203 caveats); format=glb returns combined GLB with X-Assembly-Kind/Parts headers; format=analysis validates material_class/region/assemblies_per_year first (400 on bad values) and returns model + analysis with honest 'N of M analyzed' degrade under time budget. Errors: 400 native CAD (.SLDASM/.prt) with specific message, 400 non-STEP/IGES suffix or bad magic, 413 oversize, 501 no gmsh, 504 timeout. Nothing persisted.",backend/src/api/routes.py:978-1191,API,RETEST-PASS,,,"STEP ingestion now WORKS (no 501). format=json: 200 AssemblyModel dict (kind=single_part for qa-cube.step, limits/notes/tree/parts present). format=glb: 200 glTF with X-Assembly-Kind:single_part, X-Assembly-Parts:1, X-Assembly-GLB-Bytes. format=analysis: 200 with per_part, interference, not_analyzed, cost_context, boundaries. Fail-fast 400s (query params): unknown material_class (lists 5), unknown region (lists 6). 400 native CAD .SLDASM with specific licensed-reader message; 400 .stl suffix with allowed list; 401 no key. Nothing-persisted / multi-solid file unavailable in fixtures (single-solid classified honestly)."
CORE-005,API core,POST /api/v1/validate/quick,Quick pass/fail universal checks,"As an API engineer, I want a fast pass/fail check running only universal checks (no per-process analysis) so I can triage uploads cheaply.","Analyst role (401/403), 60/hour;500/day (429). 200 returns quick-analysis result from analysis_service.run_quick_analysis; 400 empty/bad file, 413 over size limit. Persists via the analysis service path.",backend/src/api/routes.py:1194-1212,API,RETEST-PASS,,,"401/403 verified; 200 {filename, verdict:pass, geometry, issues:[]} with no per-process scores; 400 bad magic. 413 untested (budget)."
CORE-006,API core,POST /api/v1/validate/demo,Public no-auth demo validation,"As an anonymous evaluator, I want to run full DFM analysis without an API key so I can try the product with my CAD never persisted.","No auth, tight 10/hour rate limit (429). 200 returns same response shape as /validate plus demo:true; no persistence, no DB writes. 413 (not 400) when STL exceeds DEMO_MAX_TRIANGLES (500k default) either declared or post-tessellation; 400 bad file/magic/unknown process; 504 on timeout. Optional include_thickness works as on /validate.",backend/src/api/routes.py:1215-1339; backend/src/api/upload_validation.py:135-187,API,RETEST-PASS,,,"No auth: 200 demo:true, 21 process_scores, include_thickness adds wall_thickness_map. 413 FILE_TOO_LARGE (not 400) for binary STL declaring 500,001 triangles ('exceeds DEMO_MAX_TRIANGLES limit of 500,000'). 400 bad magic. 10/hr 429 and 504 untested (kept to 3 demo calls)."
CORE-007,API core,POST /api/v1/validate/cost,Glass-box make-vs-buy should-cost decision,"As a buyer/engineer, I want an explainable should-cost decision for my part across quantities, with shop calibration, rate overrides, owned processes, tolerance and units declarations, so I can decide make-vs-buy with provenance-tagged assumptions.","Analyst role (401/403), 60/hour;500/day (429). Fail-fast 400s: bad qty (max 6 values, 1..10M), unknown complexity/material_class/region/tolerance_class/units/shop/process id, overrides not a finite-number JSON object (max 64 keys) or unknown override key. 200 returns decision dict with drivers/assumptions provenance (DEFAULT/USER/SHOP), optional 'uncertainty' band (COST_ENSEMBLE_ENABLED, validated=true only from real residuals else honest validated=false), 'identity' (org retrieval suggestion or null), and 'saved': {id, url} pointer when COST_PERSIST_ENABLED (persist failure degrades gracefully and records a usage_events failure row). Broken geometry returns structured 400 GEOMETRY_INVALID with geometry summary + doc_url, never 500; 504 on compute timeout. Side effects: source artifact + costable STL saved for the org, cost decision row persisted, structured cost_estimate log event, metrics recorded.",backend/src/api/routes.py:1342-2071,API,RETEST-PASS,,,"401/403 verified. 200 decision with estimates, assumptions/drivers provenance (DEFAULT + 'RETRIEVED (org corpus...)'), identity dict, saved:{id,url:/api/v1/cost-decisions/<ulid>} (decision later visible as decision_link on the qa-box analyses). Fail-fast 400s: 7 quantities ('At most 6 quantities allowed'), unknown shop (lists midwest-precision-cnc/shenzhen-contract-mfg), invalid overrides key. qa-broken.stl -> structured 400 GEOMETRY_INVALID with geometry + doc_url, no 500. Uncertainty absent (ensemble disabled, allowed). 504/persist-failure/429 untested."
CORE-008,API core,POST /api/v1/validate/cost/demo,Public no-auth should-cost demo,"As an anonymous evaluator, I want the same should-cost decision without an API key so I can evaluate costing while my CAD stays local and ephemeral.","No auth, 240/hour limit (429). Identical validation and 400/413/501/504 error paths as /validate/cost, same Sigma=unit_cost and provenance invariants, but no persistence, no saved pointer, no ensemble uncertainty (authed-only), identity:null always, no owned_processes param. Response never includes org-calibrated bands (validated stays false / assumption-band only).","backend/src/api/routes.py:2074-2136,1532-1544,1679-1686",API,RETEST-PASS,,,"No auth. 200 same shape as /validate/cost but identity:null, no 'saved' key, no uncertainty, no validated:true anywhere. 400 unknown material_class. 240/hr 429 untested."
CORE-009,API core,POST /api/v1/validate/repair,Mesh repair with before/after analysis,"As an engineer, I want the server to attempt mesh repair on my upload and show before/after analysis so I can see whether repair fixes DFM blockers.","Analyst role (401/403), 60/hour;500/day (429). 400 on unknown rule_pack (validated before reading bytes), empty/bad file; 413 oversize. 200 returns repair_service.repair_mesh result (before/after comparison). Uses same rule_pack/process filters as /validate.",backend/src/api/routes.py:2139-2173,API,RETEST-PASS,,,401/403 verified; 400 unknown rule_pack validated before file read; 200 on qa-broken.stl returns original_analysis (watertight:false) vs repaired_analysis (watertight:true) plus repair_applied/repair_details/repaired_file_b64. 413 untested.
CORE-010,API core,GET /api/v1/rule-packs | /processes | /materials | /machines,"Reference catalogs (rule packs, processes, materials, machines)","As an API user, I want to list the industry rule packs, supported processes, materials, and machine profiles so I can populate valid request parameters and UI pickers.","Viewer role suffices (401 without key), 60/hour;500/day (429). Each returns 200 with a static catalog: rule_packs (name/version/description/override+mandatory counts), processes, materials (min_wall_mm, tensile_mpa, cost_per_kg_usd), machines (build_volume_mm, min_layer_mm, materials). No side effects, no DB.",backend/src/api/routes.py:2176-2266,API,RETEST-PASS,,,401 without key; viewer key suffices. rule_packs: name/version/description/override_count/mandatory_issue_count; 21 processes; materials: min_wall_mm/tensile_mpa/cost_per_kg_usd; machines: build_volume_mm/min_layer_mm/materials. 429 untested.
CORE-011,API core,GET /api/v1/shops,List shop calibration profiles,"As a buyer, I want to list per-shop calibration profiles so I can pass a shop id to /validate/cost and re-cost against that shop's real rates.","Viewer role (401 no key), 60/hour;500/day (429). 200 returns {shops:[{id, name, region, source}]} read from the local backend/data/shop_profiles store (no network); profiles that fail to load are skipped with a warning. The ids are the accepted values for the cost route's shop field (unknown shop there is 400 listing available ids).","backend/src/api/routes.py:2208-2221,557-604",API,RETEST-PASS,,,"401 no key; viewer key: 200 {shops:[{id,name,region,source}]} (midwest-precision-cnc US, shenzhen-contract-mfg CN); same ids listed in cost route's unknown-shop 400. 429 untested."
CORE-012,API core,GET /api/v1/uploads/capabilities,Direct-upload contract discovery,"As an integrator, I want to discover the direct-upload contract (allowed purpose, size/part limits) without S3 coordinates exposed so I can implement a compliant multipart client.",Analyst role (401/403). 200 returns capability dict for purpose (default batch_zip) incl. max_parts=10000 and max_part_urls_per_response=1000; unknown purpose maps DirectUploadError to its status (400-family) with optional Retry-After header. No side effects.,backend/src/api/uploads.py:60-69; backend/src/services/direct_upload_service.py:232-260,API,RETEST-PASS,,,"401 no key, 403 viewer. 200 capability dict for batch_zip: max_parts=10000, max_part_urls_per_response=1000, honest available:false/DIRECT_UPLOAD_REQUIRES_S3 on this non-S3 server. Unknown purpose -> 422 DIRECT_UPLOAD_INVALID_PURPOSE with Retry-After-capable passthrough."
CORE-013,API core,POST /api/v1/uploads/multipart,Initiate multipart direct upload (idempotent),"As an integrator, I want to initiate an org-scoped multipart upload with an Idempotency-Key so retries replay the same upload instead of creating duplicates.","Analyst role (401/403); strict body schema (extra fields forbidden -> 422 VALIDATION_ERROR). 201 returns upload_id, presigned part URLs, part_urls_complete flag, idempotent_replay flag, and refresh/complete/abort/status URLs. Service errors (bad purpose/content_type/size over BATCH_MAX_ZIP_BYTES, per-org active-upload and byte caps) map to structured HTTP errors, optionally with Retry-After. Persists a direct_upload row scoped to caller's org.",backend/src/api/uploads.py:72-108; backend/src/services/direct_upload_service.py:551-820,API,RETEST-PASS,,,"401/403 verified; extra body field -> 422 VALIDATION_ERROR (extra_forbidden); missing Idempotency-Key -> 422; valid initiate (purpose=batch_zip) -> structured 501 DIRECT_UPLOAD_REQUIRES_S3, consistent with capabilities available:false — documented honest unavailability. 201 happy path / part URLs / idempotent_replay remain environment-bound (no S3)."
CORE-014,API core,"POST /api/v1/uploads/{id}/parts | /complete | /abort, GET /api/v1/uploads/{id}","Multipart upload lifecycle (refresh URLs, complete, abort, status)","As an integrator, I want to refresh expiring part URLs, complete the upload with part etags, abort it, and poll its status so I can drive the full multipart lifecycle.","All analyst-role, org/user-scoped: another user's upload id yields the service's not-found error. Refresh rejects >1000 part numbers per call; complete takes {parts:[{part_number, etag}]} and returns the serialized upload (state transition persisted); abort marks it aborted; GET status returns serialized upload plus attached_batch_ulid when a batch consumed it. Legacy aliases POST /multipart/{id}/complete and DELETE /multipart/{id} exist but are hidden from schema. 422 on malformed bodies (extra fields forbidden).",backend/src/api/uploads.py:111-183; backend/src/services/direct_upload_service.py:821-1160,API,RETEST-PASS,,,401 verified. parts/complete/abort/status on unknown id all 404 DIRECT_UPLOAD_NOT_FOUND; malformed complete body -> 422 VALIDATION_ERROR; legacy aliases POST /multipart/{id}/complete and DELETE /multipart/{id} live but absent from openapi.json. Full lifecycle and >1000-part refresh rejection environment-bound (no S3).
CORE-015,API core,GET /api/v1/analyses/{analysis_id}/pdf,PDF report download,"As a user, I want to download a rendered PDF report of a past analysis so I can archive or forward it.","Viewer role (401 no key), 60/hour;500/day (429). 200 returns application/pdf bytes with Content-Disposition attachment using a sanitized filename; 404 when the analysis does not exist or is not visible to the caller. PDF is generated on demand or served from cache by pdf_service.",backend/src/api/pdf.py:25-48; backend/src/services/pdf_service.py:135-155,API,RETEST-PASS,,,"401 no key; 200 application/pdf (%PDF magic) with Content-Disposition: attachment; filename=""qa-box-dfm-report.pdf""; 404 unknown ULID; 404 for other-org caller (no leak)."
CORE-016,API core,POST /api/v1/analyses/{analysis_id}/share + DELETE .../share,Create/revoke public share link,"As an analyst, I want to create a public short-URL share for my analysis and revoke it later so I can control external visibility.","Analyst role (401/403), 60/hour;500/day (429). POST returns the share record (short id/url) and marks the analysis public (persisted); 404 when the analysis isn't found for this user. DELETE returns {message: 'Share revoked'} and the public link 404s immediately afterward; 404 for unknown/foreign analysis.",backend/src/api/share.py:30-55; backend/src/services/share_service.py:34-123,API,RETEST-PASS,,,"401/403 (viewer) verified. POST returned {share_url:/s/<short>, share_short_id}; analysis detail flipped is_public:true with share_url. DELETE returned {message:'Share revoked'} and public link 404'd immediately. 404 for unknown analysis."
CORE-017,API core,GET /s/{short_id},Public share view (unauthenticated),"As a link recipient without an account, I want to view a sanitized shared analysis so the owner can show me results without granting API access.","No auth; IP rate limit 120/hour (429). 200 returns sanitized analysis data with X-Robots-Tag: noindex and Cache-Control: private, no-store headers; 404 for unknown, revoked, or expired short ids.",backend/src/api/share.py:58-73,API,RETEST-PASS,,,"Unauthenticated 200 with X-Robots-Tag: noindex and Cache-Control: private, no-store; sanitized body (verdict/geometry/process_scores; no email/key material). 404 for unknown and revoked short ids. 120/hr IP 429 untested."
CORE-018,API core,GET /api/v1/analyses + GET /api/v1/analyses/{id},Analysis history list and detail (org-scoped),"As a viewer, I want to page through my organization's past analyses and open one with its full result and linked cost decisions so I can revisit prior work.","Viewer role (401 no key), 60/hour;500/day (429). List is org-scoped via caller_org_subquery (never leaks other orgs), cursor-paginated by ULID desc (limit 1..100, default 20; 422 outside range), optional verdict filter (pass|issues|fail; invalid values silently ignored); returns {analyses, next_cursor, has_more}. Detail returns full result_json plus is_public/share_url and up to 20 decision_links matched by org+mesh_hash; 404 for unknown or other-org ULIDs.",backend/src/api/history.py:84-159,API,RETEST-PASS,,,"401 no key. List {analyses, next_cursor, has_more}, ULID-desc; limit=0/101 -> 422; verdict=pass filters correctly; invalid verdict silently ignored (200). Org scoping: other-org viewer key 404s on my analysis detail and its own list is empty. Detail includes full result_json, is_public/share_url, decision_links matched by org+mesh_hash (cost decision linked to all 3 qa-box analyses). 404 unknown ULID."
CORE-019,API core,GET /api/v1/jobs/{job_id} + GET /api/v1/jobs/{job_id}/result,Async job status polling and result fetch,"As an API engineer, I want to poll an async job (e.g. SAM-3D) and fetch its result when done so I can complete long-running workflows.","Viewer role (401 no key). Status returns {job_id, status, job_type, timestamps, result_url, error}; result_url is set only when status is done/partial, and error carries {code, message} (JOB_FAILED fallback) when failed. Both endpoints return 404 for non-existent jobs AND other users' jobs (no existence leak); /result also 404s ('Job result not yet available') while the job is queued/running.",backend/src/api/jobs_router.py:26-70,API,RETEST-PASS,,,"401 no key. Status: {job_id, status:partial, job_type:sam3d, timestamps, result_url set, error:null}; /result 200 with {job_id,status,result}. 404 for non-existent job AND for another user's job (no existence leak). Failed-job error shape and queued-state /result 404 untested (job completed instantly)."
CORE-020,API core,GET /health,Honest liveness/degradation health check,"As an operator, I want a health endpoint that never claims an absent dependency is healthy so my monitors reflect reality.","No auth. 200 {status: ok} only when Postgres probe passes and (when the async tier is expected: real REDIS_URL or RELEASE set, with ASYNC_STRICT_HEALTH=1 default) Redis is reachable; otherwise 503 {status: degraded}. Body always reports real probes: postgres, redis, async{redis, worker: ok|unknown|unavailable, expected}, reconstruction{available, backend, egress}, version, build_id. Worker 'unknown' (no arq heartbeat key) does not gate status unless WORKER_STRICT_HEALTH=1.",backend/src/api/health.py:34-154,API,RETEST-PASS,,,"200 {status:ok} with real probes: postgres:true, redis:true, async{redis:true, worker:'ok', expected:true, worker_strict:false}, reconstruction{available:false, backend:'none', egress:false} (honest), version, build_id. Single 'server: ProofShape' header confirmed. 503 degraded path untestable (cannot take deps down)."
CORE-021,API core,GET /health/deep,Deep dependency health with optional token gate,"As an operator, I want per-dependency probes (Postgres, Redis, worker heartbeat age, queue depth, object store) so I can diagnose exactly what is degraded.","When DEEP_HEALTH_TOKEN is set (or PRODUCTION_DEEP_HEALTH_AUTH_REQUIRED=1), a missing/wrong X-CadVerify-Health-Token returns 404 'Not found' (hides the endpoint, not 401). Otherwise 200/503 with checks.postgres{ok,error}, checks.redis{ok,expected,configured,error}, checks.worker{state: ok|stale|unknown|unavailable, heartbeat_age_seconds, stale_threshold_seconds}, checks.queue{depth,name}, checks.object_store{ok,expected,backend}; 503 when Postgres down, expected Redis unreachable (strict), strict worker not ok, or expected object store failing healthcheck. Worker state is never fabricated 'ok' without a fresh heartbeat.",backend/src/api/health.py:157-317,API,RETEST-PASS,,,"DEEP_HEALTH_TOKEN unset -> endpoint open (200 without and with a wrong token, as documented). All fields present: checks.postgres{ok,error}, checks.redis{ok,expected,configured,error}, checks.worker{state:'ok', heartbeat_age_seconds:36, stale_threshold_seconds:90}, checks.queue{depth:3, name:'arq:queue'}, checks.object_store{ok:false, expected:false, backend:'local'} — failing-but-unexpected store correctly does not gate. Token-gated 404 path untestable here."
CORE-022,API core,ALL routes (error envelope),Structured error responses with stable codes,"As an API consumer, I want every error to carry a stable machine-readable code, message, and doc_url so I can handle failures programmatically.","Any HTTPException is wrapped as {code, message, doc_url[, detail]} using the stable map (400 BAD_REQUEST, 401 UNAUTHORIZED, 403 FORBIDDEN, 404 NOT_FOUND, 409 CONFLICT, 413 FILE_TOO_LARGE, 422 VALIDATION_ERROR, 429 RATE_LIMITED, 501 NOT_IMPLEMENTED, 503 SERVICE_UNAVAILABLE, 504 ANALYSIS_TIMEOUT). A detail dict already containing 'code' (e.g. GEOMETRY_INVALID, SAM3D_ENQUEUE_FAILED) passes through unchanged with original headers; Pydantic validation failures return 422 VALIDATION_ERROR.",backend/src/api/errors.py:15-79,API,RETEST-PASS,,,"Every HTTPException-based error observed carried {code,message,doc_url}: BAD_REQUEST, NOT_FOUND (unknown route + resources), FILE_TOO_LARGE (demo 413), VALIDATION_ERROR (extra_forbidden, int_parsing), plus passthrough detail codes GEOMETRY_INVALID, DIRECT_UPLOAD_* (422/501/404), auth_missing (401), insufficient_role (403). Caveat: the CORE-001 regression produces a plain-text 500 with NO envelope (unhandled ValueError, not an HTTPException) — tracked as the CORE-001 failure. 429/409/503/504 codes not triggered (stayed under limits)."
DOCS-001,Docs,/docs,Docs compatibility redirect,"As a holder of an old docs link, I want /docs to forward me so that I land on the current API quickstart.",/docs unconditionally issues a Next.js redirect to /developers; no content is rendered at /docs itself.,/home/user/cadverify/frontend/src/app/docs/page.tsx,UI,RETEST-PASS,,,Browser navigation to /docs lands on /developers (Next.js redirect); curl separately confirms 307 with location /developers.
ID-001,API identity,POST /api/v1/identity/confirm,Confirm part identity,"As an analyst, I confirm/correct a part's declared identity so future retrievals carry a human assertion instead of a guess.","Analyst role required; upserts declared_part_id/name/program onto the (org, mesh_hash) corpus row with source='user_confirmed' and emits identity.confirm audit event. 400 if caller has no org, mesh_hash blank, or no declared field supplied; 404 if the mesh has no corpus row in the caller's org (incl. another org's part — never a cross-tenant write, never a fabricated signature). Rate-limited 120/hour.",backend/src/api/identity.py:66-128,API,RETEST-PASS,,,confirm 200; source=user_confirmed; declared fields upserted; 400 no declared field; 400 blank mesh_hash; 404 unknown mesh; 404 cross-tenant confirm; no cross-tenant write happened; 403 platform viewer (analyst gate); identity.confirm audit event. Rate-limit 120/hour not exhausted (budget). No-org 400 branch untestable: signup always creates an org.
ID-002,API identity,POST /api/v1/identity/library/onboard,Bulk parts-master onboarding,"As an analyst, I bulk-upload my org's CAD library (files or ZIP) with an identity mapping so the corpus has real declared identities on day one.","Analyst role + kill-switch open required; 403 if no org. Accepts multipart files and/or ZIP plus optional CSV/JSON mapping; 400 if no files, 413 if >512MB (env PARTS_MASTER_MAX_MB) or over ONBOARD_MAX_FILES cap, 400 if mapping is not UTF-8. Returns honest summary {onboarded, skipped:[{filename,reason}], mapping_errors, library_size} — unparseable files are skipped, never abort the batch; missing names onboard bare geometry with no guessing. Rate-limited 20/hour.",backend/src/api/identity.py:207-300,API,RETEST-PASS,,,"onboard 200; honest summary shape; 2 valid files onboarded; qa-fake.stl skipped with reason, batch not aborted; ZIP onboard works (bare geometry); 400 no files; 400 non-UTF-8 mapping; 403 platform viewer (analyst gate). 413 >512MB / ONBOARD_MAX_FILES cap not exercised (impractical payload size); 20/hour limit not exhausted."
ID-003,API identity,GET /api/v1/identity/library + GET /api/v1/identity/library/template,Library view + mapping template,"As a viewer, I see my org's identity-corpus size and recent entries, and download the mapping CSV contract.","Viewer role required. GET /library returns {library_size, recent:[...]} org-scoped with declared identity only (raw signature vector never emitted); 403 if caller has no org. GET /library/template returns text/csv with header 'filename' (required) + optional part_id/name/program/material_class and needs no org.",backend/src/api/identity.py:303-338,API,RETEST-PASS,,,GET /library shape; raw signature vector never emitted; org-scoped: B never sees A rows; viewer role allowed on library read; template text/csv; header starts with filename; optional columns present. No-org 403 branch untestable: every account has an org.
ID-004,API orgs,POST /api/v1/orgs,Create organization,"As an analyst, I create a named org and become its admin.","Analyst role + kill-switch open required; 201 with {org_id, name, slug, org_role:'admin'}; caller's active org is NOT auto-switched. 400 for empty name or name >200 chars. Emits org.created audit event.",backend/src/api/org_routes.py:145-162; src/services/org_service.py:143-145,API,RETEST-PASS,,,"201 {org_id,name,slug,org_role:admin}; active org NOT auto-switched; 400 empty name; 400 name>200; platform-viewer 403 (analyst gate); org.created audit event present (recorded under the NEW org's scope - verified via superadmin audit-log with resource_id = new org)."
ID-005,API orgs,GET /api/v1/orgs,List my orgs,"As a viewer, I list every org I belong to and see which is active.",Viewer role required; returns caller's memberships with the active org flagged; no cross-user data.,backend/src/api/org_routes.py:165-174,API,RETEST-PASS,,,caller memberships listed; active org flagged; no cross-user data (M sees only own orgs)
ID-006,API orgs,POST /api/v1/orgs/switch,Switch active org,"As a member with a dashboard session, I switch my active org.",Viewer role + kill-switch open; org-bound API keys are refused with 403 {code:'api_key_org_bound'} — only dashboard sessions may switch (keys are permanently org-bound). 403 'not a member of that organization' when switching to an org without membership. Emits org.switched.,backend/src/api/org_routes.py:177-214; src/services/org_service.py:544,API,RETEST-PASS,,,API key refused 403 api_key_org_bound; dashboard session switch 200; 403 not a member; switch back 200; org.switched audit event
ID-007,API orgs,GET/POST /api/v1/orgs/saml/group-mappings + DELETE /api/v1/orgs/saml/group-mappings/{id},SAML JIT group-role mappings,"As an org admin, I manage SAML group-to-role mappings for JIT provisioning in my org.","Org-admin role required (mutations kill-switch gated); mappings are strictly org-scoped — list returns only caller-org rows, delete of another org's mapping fails. POST returns 201 with serialized mapping; both mutations emit saml.group_mapping.* audit events.",backend/src/api/org_routes.py:218-297,API,RETEST-PASS,,,POST 201 serialized mapping; 400 invalid role; list shows own mapping; org B list excludes A rows; cross-org delete 404; own delete ok; saml.group_mapping.* audit events (created)
ID-008,API orgs,POST /api/v1/orgs/invites + GET /api/v1/orgs/invites,Create/list invites,"As an org admin, I invite an email at a role and review my org's invites.","Org-admin required; invited role may not exceed the inviter's (403). POST returns 201 with the one-time accept_link exactly once (token stored only as hash, never persisted raw) and emailed flag; email send is best-effort — missing RESEND config or send failure never breaks invite creation. GET lists org invites (pending/accepted/expired/revoked) with no tokens. Invite creation rate-limited 20/hour.",backend/src/api/org_routes.py:301-353,API,RETEST-PASS,,,"201 invite M; one-time accept_link + emailed flag; 400 invalid role; GET lists org invites; no raw tokens in list; non-admin-of-A invite attempt via M personal-org key returned 201 (M is admin of own org, so 201/permitted there). Role-exceeds-inviter 403 branch unreachable (only org admins can invite; admin is top org role). Emailed flag observed (best-effort, no RESEND config). 20/hour limit exercised under ID-036."
ID-009,API orgs,POST /api/v1/orgs/invites/accept,Accept invite,"As an invited user, I redeem the one-time token to join the org at the invited role.","Any authed user (viewer+), kill-switch gated; token is hash-compared and single-use. 400 empty token; 404 unknown/used token; 409 revoked, already-used, or expired; 403 if the invite was issued to a different account/email. Accepting never escalates an existing member's role; returns {org_id, org_role, created} and emits member.joined only when a membership is created.",backend/src/api/org_routes.py:356-385; src/services/org_service.py:356-421,API,RETEST-PASS,,,"400 empty token; 404 unknown token; 403 different account redeems; correct account joins {org_id,org_role,created}; 409 re-accept (single-use); member.joined audit event. Expired-invite 409 branch not exercisable (cannot age a token). Never-escalate branch implied by created-only membership."
ID-010,API orgs,DELETE /api/v1/orgs/invites/{invite_id},Revoke invite,"As an org admin, I revoke a pending invite so the link stops working.","Org-admin required, kill-switch gated, org-scoped: 404 if the invite is absent (or belongs to another org), 409 if already accepted; returns the serialized invite with revoked state.",backend/src/api/org_routes.py:388-401; src/services/org_service.py:331-333,API,RETEST-PASS,,,cross-org revoke 404; revoke returns invite in revoked state; accepting revoked token 409; revoking accepted invite 409; unknown id 404
ID-011,API orgs,GET /api/v1/orgs/members,List org members,"As any org member (viewer+), I see my org's members and their org roles.",Org viewer role required; returns only the caller's active org's members — no cross-org leakage; 403 if the caller has no org.,backend/src/api/org_routes.py:405-415,API,RETEST-PASS,,,org viewer sees active-org members; no cross-org leakage; org B list only B members
ID-012,API orgs,PATCH /api/v1/orgs/members/{user_id}/role,Change member org role,"As an org admin, I change a member's org role.","Org-admin required, kill-switch gated; 404 if the target is not a member of this org; 409 when demoting the last admin (an org must keep at least one admin). Emits member.role_changed and returns {user_id, org_role}.",backend/src/api/org_routes.py:418-443; src/services/org_service.py:482-495,API,RETEST-PASS,,,"non-admin PATCH 403; 404 target not a member; 409 demoting last admin; returns {user_id,org_role}; member.role_changed audit event"
ID-013,API orgs,DELETE /api/v1/orgs/members/{user_id},Remove member / self-leave,"As an org admin I remove a member, or as any member I leave the org myself.","Route accepts org viewer, but a non-admin removing anyone other than themselves gets 403 {code:'insufficient_org_role'} — self-leave only. 404 if target not a member; 409 if the last admin would be removed or leave. Removal is org-scoped (not account deactivation) and takes effect immediately via membership re-validation; emits member.left/member.removed.",backend/src/api/org_routes.py:446-479; src/services/org_service.py:512-514,API,RETEST-PASS,,,non-admin removing other 403 insufficient_org_role; 404 target not a member; 409 removing last admin; self-leave by non-admin 200; membership gone immediately; account still active after leave (org-scoped removal); member.left/removed audit event; departed member's org-A key loses org access (membership re-validation)
ID-014,API admin,GET /api/v1/admin/users + GET /api/v1/admin/users/{user_id},Admin user list/detail,As an org admin I list and inspect only my org's users; as a superadmin I see all users platform-wide.,"require_org_role(admin): org-admin results are bounded by an INNER JOIN on memberships to ctx.org_id; a user outside the org returns 404 on detail so cross-org existence never leaks. Superadmin sees every user with primary (oldest) membership enriched. List is cursor-paginated (limit 1-100, next_cursor/has_more); detail includes org_role, auth_provider, analysis_count, batch_count.",backend/src/api/admin_routes.py:95-252,API,RETEST-PASS,,,org-admin list has own-org users; org-admin list bounded to own org; cross-org detail 404 (no existence leak); detail fields present; superadmin cursor pagination limit=2; cursor page 2 follows; superadmin sees any user detail; limit bounds 422; org member (non-admin) 403
ID-015,API admin,PATCH /api/v1/admin/users/{user_id}/role,Assign platform role,"As a platform superadmin, I change a user's global platform role.","Superadmin only: an org-admin gets 403 {code:'platform_superadmin_required'} (org admins manage org_role on the org router, never users.role). 400 changing own role or role not in {viewer, analyst, admin} — 'superadmin' is deliberately not assignable via API; 404 unknown user. Emits user.role_changed with old/new roles.",backend/src/api/admin_routes.py:260-319,API,RETEST-PASS,,,org-admin 403 platform_superadmin_required; 400 role=superadmin not assignable; 404 unknown user; 400 changing own role; demotion effective: V (analyst->viewer) got 403 on analyst-gated routes in ID-001/002/004 while reads still worked (ID-003); user.role_changed audit with old/new roles
ID-016,API admin,POST /api/v1/admin/users/{user_id}/deactivate + /reactivate,Account deactivation lifecycle,"As a platform superadmin, I deactivate a compromised/offboarded account and later reactivate it.","Superadmin only (deliberately not org-admin — deactivation is account-level and blocks EVERY auth path: login, Google/SAML/magic re-provision, existing sessions, API keys). Deactivate: 400 on self, 404 unknown user; flips is_active, sets deactivated_at, and bumps session_version so existing dashboard sessions die immediately. Reactivate reverses it; both idempotent (session_version only bumps on actual state change) and audited.",backend/src/api/admin_routes.py:322-380; src/services/org_service.py:601-627,API,RETEST-PASS,,,C session works pre-deactivation; org-admin refused 403 (superadmin only); 400 self-deactivate; 404 unknown user; deactivate 200; API key blocked after deactivation; existing dashboard session dead; password login refused; idempotent (session_version unchanged on repeat); reactivate 200; API key restored after reactivate; deactivate/reactivate audited. SAML/Google/magic re-provision paths not exercisable locally (no IdP); password/session/key paths all blocked as specified.
ID-017,API admin,POST /api/v1/admin/users/{user_id}/revoke-sessions,Revoke all dashboard sessions,"As a platform superadmin, I invalidate every dashboard session for an account without deactivating it.",Superadmin only; 404 unknown user. Bumps users.session_version so every existing dashboard cookie is invalidated on next validation while API keys and the account remain active; returns the new session_version and emits user.sessions_revoked.,backend/src/api/admin_routes.py:383-401; src/services/org_service.py:630-643,API,RETEST-PASS,,,"org-admin 403; 404 unknown user; returns new session_version; existing dashboard session invalidated; API key still works, account active; user.sessions_revoked audit event"
ID-018,API admin,GET /api/v1/admin/usage-summary,Org usage counters,"As an org admin, I see real usage counts for my org's trailing window.","Org-admin required; days param 1-90 (default 30). Returns separate honest counts (analyses, cost_decisions, usage_events, webhook_deliveries) plus per-event-type and per-webhook-status breakdowns from persisted tables — never invented aggregate numbers. Org-admin counts are filtered to ctx.org_id; superadmin is unfiltered (org_id null in response).",backend/src/api/admin_routes.py:413-480,API,RETEST-PASS,,,separate honest counts under counts{}; per-event-type breakdown present; webhook-status breakdown present; org-admin filtered to own org; real analysis count >=1; superadmin unfiltered org_id null; superadmin counts >= org counts; days bounds rejected 422; org member (non-admin) 403
ID-019,API admin,GET /api/v1/admin/webhook-deliveries,Webhook delivery log,"As an org admin, I inspect recent webhook delivery attempts and retry timing.","Org-admin required; latest deliveries (limit 1-100) joined to batch ULID, org-scoped unless superadmin. Response contains status/attempts/response_code/retry timestamps but deliberately NEVER the payload body.",backend/src/api/admin_routes.py:488-525,API,RETEST-PASS,,,"200 with deliveries list; no payload body fields; non-admin 403; limit bound 422. No webhook endpoints configured in env, so deliveries list is honestly empty; per-row fields not observable on real rows."
ID-020,API admin,GET /api/v1/admin/ops/queue-health,Queue/worker health,"As an org admin/operator, I check async queue, batch, webhook, and worker posture.","Org-admin required; returns PII-free summary scoped to the caller's org (superadmin sees platform-wide, org filter None).",backend/src/api/admin_routes.py:533-540,API,RETEST-PASS,,,org-admin 200; PII-free summary; non-admin 403; superadmin platform-wide 200
ID-021,API admin,GET /api/v1/admin/audit-log,Audit log query/export,"As an org admin, I query or CSV-export my org's audit trail for compliance.","Org-admin required; start/end ISO datetimes mandatory (400 on invalid) with a hard 90-day max range (400 above). Org-admin sees only their org's entries, superadmin all orgs. format=csv returns text/csv attachment; default JSON is cursor-paginated (limit 1-200) with optional user_id/action filters.",backend/src/api/admin_routes.py:550-596,API,RETEST-PASS,,,missing start/end rejected 422; invalid datetime 400; >90-day range 400; org-admin sees only own-org entries; superadmin sees all orgs; action filter works; JSON cursor-paginated; format=csv text/csv attachment; limit 201 rejected; non-admin 403
ID-022,API SCIM,GET /scim/v2/ServiceProviderConfig + /Schemas + /ResourceTypes,SCIM discovery,"As an IdP (Okta/Entra) using an org-admin API key, I discover the SCIM capabilities.",Bearer API-key auth + org-admin role; a token without an org context gets 403 {code:'scim_org_required'} — SCIM strictly requires an org-scoped admin key. Returns static SCIM 2.0 config/schema/resource-type documents.,backend/src/api/scim.py:37-54,API,RETEST-PASS,,,200 /scim/v2/ServiceProviderConfig; SCIM 2.0 schema doc; 200 /scim/v2/Schemas; 200 /scim/v2/ResourceTypes; no auth 401; org-member-bound key 403 (org-admin required). 403 {code:scim_org_required} for an org-less token untestable: every mintable key is org-bound.
ID-023,API SCIM,GET/POST /scim/v2/Users + GET/PUT/PATCH /scim/v2/Users/{id},SCIM user provisioning,"As an IdP, I list, create, read, replace, and patch users in the customer org.",Org-admin key required; all operations are bounded to the key's org. List supports startIndex/count (max 100) and SCIM filter. POST returns 201 and create_or_update upserts by userName; PUT preserves userName from the existing resource; PATCH requires the SCIM PatchOp schema when schemas is supplied (400 otherwise). Mutations are committed per request.,backend/src/api/scim.py:57-145,API,RETEST-PASS,,,POST 201 create; list startIndex/count; SCIM filter userName eq; GET by id; cross-org GET 404; PUT preserves userName; PATCH wrong schema 400; PatchOp applies active=false
ID-024,API SCIM,DELETE /scim/v2/Users/{id},SCIM deprovision (soft),"As an IdP, I deprovision a user when they leave the customer's directory.","Org-admin key required; DELETE is implemented as a PATCH setting active=false (soft deactivation, never a hard delete) and returns 204 with no body. Org-scoped — cannot deprovision users outside the key's org.",backend/src/api/scim.py:148-163,API,RETEST-PASS,,,cross-org DELETE 404; 204 no body; soft deactivation - still readable active:false
ID-025,API SCIM,GET /scim/v2/Groups + GET/PATCH /scim/v2/Groups/{group_id},SCIM group (role) sync,"As an IdP, I read and push group membership so directory groups drive org roles.","Org-admin key required; groups are org-scoped, group_id accepts a path segment (:path converter). PATCH applies membership operations and commits; unknown group/org mismatch surfaces the service's error rather than crossing the tenant boundary.",backend/src/api/scim.py:166-203,API,RETEST-PASS,,,groups listed; GET group path segment 'role:member'; PATCH membership applied; member visible after PATCH; unknown group 404 SCIM error; PATCH unknown group surfaces service error (no tenant crossing)
ID-026,API admission,Depends(admit_analysis) on POST /validate and sibling compute routes,Concurrency admission control,"As the platform, I bound in-flight analyses so a burst returns clean retryable 429s instead of DB-pool 500s, and no single org starves the rest.","Beyond MAX_CONCURRENT_ANALYSES (default 8) globally the request gets 429 {code:'server_busy'} with Retry-After; beyond MAX_CONCURRENT_ANALYSES_PER_ORG (default 3) for the caller's org it gets 429 {code:'org_at_capacity'} with Retry-After. Slots are always released in finally even when the analysis fails. Fails OPEN (no-op) for unauthenticated callers, unresolvable membership, or a membership-lookup DB error; ADMISSION_DISABLED bypass works only outside RELEASE — in production the gate cannot be switched off.","backend/src/api/admission.py:78-236; backend/src/api/routes.py:771,928,1125",API,RETEST-PASS,,,"unauthenticated caller passes admission fail-open, clean 401 (no 429/500); 401 body is an auth error. Load-dependent sub-assertions NOT exercised (per harness rules on not exhausting capacity/limits): global server_busy 429 beyond 8 in-flight, per-org org_at_capacity 429 beyond 3, finally-release, RELEASE-mode ADMISSION_DISABLED lockout. Code inspection confirms admit_analysis dependency on /validate siblings."
ID-027,API governance,POST /api/v1/governance/change-requests,Propose change request,"As an org member, I propose a DRAFT rate-card/shop-profile version for admin review.","Org member+ required; 400 if caller has no org, unknown asset_type, target version not found (404), or target not in 'draft' status (400). On success creates a 'proposed' request, emits an org-scoped admin-audience notification (governance.change_requested), and returns the serialized request. Rate-limited 60/hour.",backend/src/api/governance.py:66-101; src/services/governance_service.py:65-101,API,RETEST-PASS,,,org member proposes -> 'proposed'; second proposal created; 400 unknown asset_type; 404 target version not found; cross-org target 404; 400 target not in draft status (published); governance.change_requested notification emitted to admin inbox. 60/hour limit not exhausted (budget).
ID-028,API governance,GET /api/v1/governance/change-requests + /{request_id},List/read change requests,"As any org member (viewer+), I browse my org's change requests and open one.","Viewer role required; list is org-scoped newest-first with optional ?status filter and returns an honest empty list when the caller has no org. Detail returns 404 for a missing request, another org's request, or a caller with no org — cross-tenant reads never succeed.",backend/src/api/governance.py:104-134,API,RETEST-PASS,,,list shows org requests; newest-first; ?status filter honored; org member (viewer+) reads detail; missing 404; cross-org detail 404; B list excludes A requests. No-org honest-empty branch untestable.
ID-029,API governance,POST /api/v1/governance/change-requests/{id}/approve,Approve (publishes draft),"As an org admin, I approve a proposed change, which publishes the target draft through the library's own publish path.","Org-admin required; 404 unknown/cross-org request, 409 if the request is not in 'proposed' status. Publishing goes through the library's existing path — a publish failure surfaces that library error and the request is NOT marked approved (fail-closed). Success resolves the pending review notification, emits governance.approved + library.version_published audit events, and returns both the request and the published version.",backend/src/api/governance.py:137-178; src/services/governance_service.py:155-215,API,RETEST-PASS,,,org member (non-admin) 403; cross-org admin 404; unknown request 404; approve 200 request approved; returns published version; re-approve 409 (not proposed); governance.approved audit event; library.version_published audit event; pending review notification resolved. Publish-failure fail-closed branch not exercisable without breaking the library.
ID-030,API governance,POST /api/v1/governance/change-requests/{id}/reject,Reject change request,"As an org admin, I reject a proposed change with an optional note; the draft stays a draft.","Org-admin required; 404 unknown/cross-org, 409 if not 'proposed'. Rejection never mutates the target draft (it remains draft, nothing published), resolves the review notification, emits governance.rejected, and returns the request in 'rejected' state with the note.",backend/src/api/governance.py:181-209,API,RETEST-PASS,,,cross-org reject 404; unknown 404; reject 200 status rejected; note persisted; target draft remained draft (nothing published); re-reject 409; governance.rejected audit event
ID-031,API notifications,GET /api/v1/notifications,Inbox listing,"As any org member (viewer+), I list my org's notifications with unread/dismissed/status filters.","Viewer role required; org-scoped with per-user read/dismiss state, cursor-paginated (limit 1-100). status must match open|resolved|all; default shows unread non-dismissed; 400 when dismissed=true is combined with unread=true (contradictory). A caller with no org gets an honest empty list, not an error.",backend/src/api/notifications.py:21-62,API,RETEST-PASS,,,default list shows unread non-dismissed; invalid status rejected; 400 dismissed=true + unread=true contradictory; cursor-paginated limit=1; cursor follows to next page; org-scoped: B never sees A ids; limit bound 422. No-org honest-empty branch untestable (every account has an org).
ID-032,API notifications,POST /api/v1/notifications/{id}/read + /dismiss + /restore,Per-notification state,"As any org member, I mark a notification read, dismiss it from my inbox, or restore a dismissed one — affecting only my own view.","Viewer role required; state (read_at/dismissed_at) is per-user, org-scoped — another org's notification id is not reachable. dismiss/restore return 404 when the caller has no org; read no-ops with {ok:true}. Each returns the updated serialized notification.",backend/src/api/notifications.py:65-149,API,RETEST-PASS,,,read returns updated serialized notification; per-user state: MA still sees it unread after A read; dismiss sets dismissed_at; dismissed item left default inbox; restore 200; restored item back in inbox; org B notification created for cross-org probe; another org's notification id 404; unknown id 404. No-org dismiss/restore-404 and read-noop branches untestable (every account has an org).
ID-033,API notifications,POST /api/v1/notifications/read-all,Mark all read,"As any org member, I clear my unread badge in one call.","Viewer role required; marks all of the caller's org notifications read for this user only and returns {ok:true, count, read_at}. No-org callers get count 0 with ok:true (honest no-op).",backend/src/api/notifications.py:152-174,API,RETEST-PASS,,,"{ok,count,read_at}; counted MA unread items; MA inbox cleared; A's unread state unaffected (per-user only). No-org count-0 branch untestable."
ID-034,API middleware,Any HTTP response (SecurityHeadersMiddleware),Security hardening headers,"As a security reviewer, I verify every API response carries hardening headers without breaking streaming bodies.","Every HTTP response (including streamed CSV exports — pure-ASGI, not buffered) carries Strict-Transport-Security (max-age=63072000; includeSubDomains), X-Content-Type-Options: nosniff, X-Frame-Options: DENY, Referrer-Policy: strict-origin-when-cross-origin, Permissions-Policy disabling camera/mic/geolocation, and Server rewritten to 'ProofShape' (stack never advertised). SECURITY_HEADERS_ENABLED=0 disables it (default on).",backend/src/api/security_headers.py:21-56; backend/main.py:449,API,RETEST-PASS,"Server stack IS advertised: every backend response carries TWO Server headers - 'server: uvicorn' (uvicorn's own banner) followed by 'server: ProofShape' (middleware). Expected 'Server rewritten to ProofShape (stack never advertised)'. Reproduce: curl -sD - http://127.0.0.1:8000/health | grep -i '^server' -> 'server: uvicorn' + 'server: ProofShape'. Same on authed JSON, 404s, and streamed CSV. The middleware docstring says the uvicorn banner is suppressed via --no-server-header in the process command; the running process lacks that flag.",,"FIX VERIFIED: uvicorn banner gone - exactly ONE 'server: ProofShape' header (checked via raw http.client preserving duplicates) on normal responses (/health, authed JSON /api/v1/orgs), error responses (404 unknown route, 405 method mismatch, unauth 401), and the streamed CSV audit-log export. All hardening headers present on every case: HSTS max-age=63072000; includeSubDomains, X-Content-Type-Options nosniff, X-Frame-Options DENY, Referrer-Policy strict-origin-when-cross-origin, Permissions-Policy camera/microphone/geolocation disabled. SECURITY_HEADERS_ENABLED=0 disable path not testable without restarting the app (default-on confirmed live)."
ID-035,API middleware,Any HTTP request/response (RequestIDMiddleware),X-Request-ID correlation,"As an operator debugging an incident, I correlate a client request with logs and Sentry via one ID.","An inbound X-Request-ID header is propagated; absent one, a UUID4 is generated. The ID is echoed back on the response as X-Request-ID, bound into structlog contextvars for every log line of the request, tagged onto the Sentry scope, and unbound after completion.",backend/src/api/middleware.py:18-38; backend/main.py:405,API,RETEST-PASS,,,inbound X-Request-ID echoed; absent header -> distinct UUID4 per request. structlog contextvar binding + Sentry tagging not externally observable via API.
ID-036,API identity,Rate-limit + kill-switch behavior across identity/org/governance/notifications routes,Per-route limits and mutation kill-switch,"As the platform, I throttle each route (e.g. 20/hour onboarding, 20/hour invites, 60/hour governance decisions, 120/hour reads) and gate all mutations behind the global kill-switch.","Exceeding a route's slowapi limit returns 429; every mutating route in orgs/identity onboarding carries Depends(require_kill_switch_open) so writes are refused while the kill-switch is closed, while reads remain available — fail-closed for writes only.","backend/src/api/org_routes.py:145,301,356,388,419,446; backend/src/api/identity.py:67,207-208",API,RETEST-PASS,,,slowapi 429 hit on invite creation; exactly 20/hour allowed before 429; Retry-After header on 429; reads still available (invite list 200); org list read unaffected; kill-switch dependency present on org/identity mutation routes (code). Kill-switch open state allows all mutations (verified throughout the run); the CLOSED state is driven by the running process's env and cannot be flipped without restarting/modifying the app (forbidden) - dependency presence confirmed in code on all mutating org/identity routes.
SHARE-001,Share,/s/[shortId],Public read-only DFM analysis share,"As a recipient of a share link, I want to view the DFM analysis without logging in so that I can review the verdict and issues.","Server component fetches the public backend endpoint /s/{shortId} (no auth); renders filename + verdict badge, geometry stat cards (faces, volume cm3, dimensions, watertight — each omitted when absent), issues sorted error>warning>info with codes and fix suggestions, and a process-ranking table sorted by score. A 404/revoked/failed fetch renders 'Analysis not available… may have been revoked by its owner' with a link home. OG metadata is generated from the data; page is noindex; header labels it 'Shared analysis · read-only'.",/home/user/cadverify/frontend/src/app/s/[shortId]/page.tsx; /home/user/cadverify/frontend/src/lib/api.ts,UI+API,RETEST-PASS,,,"Fresh share /s/xUS262U4hyfI (qa-box.stl) viewed logged-out. filename=true, read-only header=true, geometry cards=true, process ranking=true, noindex=true; bogus id: not-available+revoked copy=true, home link=true"
SHARE-002,Share,/s/cost/[shortId],Public read-only should-cost share,"As a supplier or teammate, I want to view a shared should-cost decision without auth so that I see the recommendation with its honesty caveats intact.","Fetches public /s/cost/{shortId}; renders 'Make by <process>' with DFM-ready/needs-redesign badge, a crossover sentence derived from decision.crossover_qty (or 'stays cheapest at every quantity tested', or 'costed but returned no make-vs-buy decision'), the travelling CostHonestyNote, verbatim confidence band (low–high, ±%, validated n or basis), geometry cards, a recommendation-by-quantity table with 'not DFM-ready' badges and 'cheaper if redesigned' alternates, and provenance-tagged assumption chips. Missing/revoked → 'Cost decision not available'. Noindex; footer states 'assumption-based, not a validated quote'.",/home/user/cadverify/frontend/src/app/s/cost/[shortId]/page.tsx; /home/user/cadverify/frontend/src/lib/api.ts; /home/user/cadverify/frontend/src/lib/cost-decision.ts,UI+API,RETEST-PASS,,,"Fresh cost share /s/cost/QUnXUyrBZ1CQ viewed logged-out. Make-by=true, badge=true, crossover sentence=true, confidence band=true, footer=true, noindex=true; bogus id message=true"
SITE-001,Site,/,Cinematic scroll home,"As a visitor, I scroll the home page and see the five-act WebGL part story (hero, routed, glass box, assembly, $14.14 number, close) with captions fading in per section.","Fixed WebGL PartStage renders behind content; a right-edge 6-stop progress rail (PART...PROOF) highlights the active act and clicking a dot scrolls to that section; a floating 'See it on your part' pill appears mid-story and links to /company#pilot; 'The full platform ->' links to /platform and 'or read the method first ->' links to /method. Page has no own metadata export, so tab title falls back to the (site) layout default 'ProofShape — verification, made of glass'.",frontend/src/app/(site)/page.tsx; frontend/src/app/(site)/layout.tsx; frontend/src/components/site/part-stage.tsx,UI,RETEST-PASS,,,title fallback OK; 1 canvas; rail 6 stops (PART|ROUTED|OPENED|SEATED|THE NUMBER|PROOF); dot click scrolled 0->5130px; pill -> /company#pilot; /platform + /method links OK; no console errors
SITE-002,Site,/,Live crossover dial (interactive),"As a visitor, I drag the quantity slider on the 'PROOF' act and watch the make-vs-tool-up recommendation flip at the 1,962-unit crossover.","A range input (aria-label 'Quantity', log scale 1 to 10,000, default qty 500) updates the SVG curves, unit-cost readout, and highlighted curve; at qty <= 1962 the MJF 'make' branch is recommended, above it the injection-molding branch (qualified 'if redesigned'); an underline link below routes to /company#pilot.",frontend/src/app/(site)/_home/crossover-dial.tsx,UI,RETEST-PASS,,,"default 500 units MJF make; ~1900 units MAKE, ~2100 units 'Tool up: injection molding' with 'if redesigned' — flips at documented 1,962 crossover; SVG curves render; /company#pilot link present"
SITE-003,Site,/,Closing email pill (no-op input),"As a visitor, I type my email in the close-act pill and click 'Request a pilot'.",The email input is decorative — it is not inside a form and its value is never submitted or carried anywhere; 'Request a pilot' is a plain Link that navigates to /company#pilot regardless of input contents.,"frontend/src/app/(site)/page.tsx (Act 5 close, ~lines 504-513)",UI,RETEST-PASS,,,"email input not inside any form; typed value, clicked Request a pilot -> plain Link nav to /company#pilot; zero non-GET requests fired"
SITE-004,Site,all site pages,Shared top nav,"As a visitor on any marketing page, I use the top nav to reach every main section, log in, or request a pilot.","Wordmark 'ProofShape' links to /; nav links Method, Platform, Teams, Security, Developers, Company route to those paths with the current section highlighted (data-active, including /teams/* subtree); 'Log in' -> /login; 'Request a pilot' -> /company#pilot. A mobile <details> menu mirrors all links, closes on link click and Escape. Cinematic pages use a transparent fixed variant, document pages a sticky blurred bar.",frontend/src/components/site/site-shell.tsx,UI,RETEST-PASS,,,"wordmark -> /; six nav links present; data-active on current section incl /teams/* subtree; Log in -> /login; Request a pilot -> /company#pilot; mobile menu: opens, 8 links, Escape closes, link click navigates"
SITE-005,Site,all document pages,Shared footer,"As a visitor, I use the footer to cross-navigate and reach legal pages.","Footer shows tagline 'ProofShape — verification, made of glass', links Home + the six nav items + Log in, and a legal row with current year plus Privacy -> /privacy, Terms -> /terms, DPA -> /dpa, Status -> /status. Cinematic pages instead close with an inline tagline linking Method, Platform, Security, Developers.","frontend/src/components/site/site-shell.tsx (SiteFooter, SiteFooterTagline)",UI,RETEST-PASS,,,"document footer: tagline + Home + six nav + Log in + legal row (2026, Privacy/Terms/DPA/Status) all correct, Privacy click routed; home closes with inline tagline (Method/Platform/Security/Developers), footer count on home=0"
SITE-006,Site,/method,Method document page,"As a visitor, I read how the $14.14 number is built: five-stage walk, scroll-assembled driver sum, honesty rail, and the +/-40% objection section.",Document page in SiteShell; scrolling the record-assembly section reveals four drivers that reconcile to $14.14; closing CTAs 'Cost a part' -> /signup and 'Explore the platform' -> /platform. No page-level metadata export (title falls back to the layout default).,frontend/src/app/(site)/method/page.tsx,UI,RETEST-PASS,,,title OK; CTAs/links verified; no console errors
SITE-007,Site,/platform,Platform document page,"As a visitor, I read the platform overview (one engine, three surfaces) and continue to signup or the method.",Static server-rendered page with metadata title 'Platform — ProofShape'; closing CTAs 'Cost a part' -> /signup and 'How the number is built' -> /method; nav/footer chrome via SiteShell.,frontend/src/app/(site)/platform/page.tsx,UI,RETEST-PASS,,,title OK; CTAs/links verified; no console errors
SITE-008,Site,/teams,Teams index (persona hub),"As a visitor, I browse the five persona journeys and open the one matching my role.","Metadata title 'Teams — ProofShape'; journey links route to /teams/in-house-manufacturing, /teams/cost-engineering, /teams/sourcing, /teams/design-engineering, /teams/shop-owners; closing CTAs 'Request a pilot' -> /company#pilot and 'Explore the platform' -> /platform.",frontend/src/app/(site)/teams/page.tsx,UI,RETEST-PASS,,,title OK; CTAs/links verified; no console errors
SITE-009,Site,/teams/cost-engineering,Cost engineering journey,"As a cost engineer visitor, I scroll the cinematic journey and reach the pilot CTA.",Server wrapper exports metadata 'For Cost Engineering — ProofShape' and renders the client cinematic (WebGL + scroll acts); an inline link back to /teams in the hero; closing CTAs are plain <a> tags to /company#pilot (solid) and /teams (ghost).,frontend/src/app/(site)/teams/cost-engineering/page.tsx; frontend/src/app/(site)/teams/cost-engineering/cost-engineering-cinematic.tsx,UI,RETEST-PASS,,,title OK; CTAs/links verified; no console errors
SITE-010,Site,/teams/design-engineering,Design engineering journey,"As a design engineer visitor, I scroll the five-act journey (flag, dial, fix, gate) and reach the pilot CTA.","Client page ('use client', no metadata export — title falls back to layout default); scroll-driven caption reveals with no form/slider inputs; hero links back to /teams; closing CTAs Link to /company#pilot and /teams.",frontend/src/app/(site)/teams/design-engineering/page.tsx,UI,RETEST-PASS,,,title OK; CTAs/links verified; no console errors
SITE-011,Site,/teams/in-house-manufacturing,In-house manufacturing journey,"As a manufacturing/MRO visitor, I read the persona page and reach the pilot CTA.",Server component with metadata 'ProofShape — For In-house manufacturing & MRO'; link back to /teams near the top; closing CTAs -> /company#pilot and /teams.,frontend/src/app/(site)/teams/in-house-manufacturing/page.tsx,UI,RETEST-PASS,,,title OK; CTAs/links verified; no console errors
SITE-012,Site,/teams/shop-owners,Shop owners journey,"As a shop owner visitor, I scroll the cinematic journey and reach the pilot CTA.",Server wrapper exports metadata 'For shop owners — ProofShape' and renders the client body; hero links back to /teams; closing CTAs -> /company#pilot and /teams.,frontend/src/app/(site)/teams/shop-owners/page.tsx; frontend/src/app/(site)/teams/shop-owners/shop-owners-client.tsx,UI,RETEST-PASS,,,title OK; CTAs/links verified; no console errors
SITE-013,Site,/teams/sourcing,Sourcing journey,"As a sourcing/procurement visitor, I scroll the cinematic journey and reach the pilot CTA.",Server wrapper exports metadata 'For Sourcing — ProofShape'; client SourcingView renders WebGL stage and scroll reveals; hero links back to /teams; closing CTAs -> /company#pilot (PILOT_HREF) and /teams.,frontend/src/app/(site)/teams/sourcing/page.tsx; frontend/src/app/(site)/teams/sourcing/sourcing-view.tsx,UI,RETEST-PASS,,,title OK; CTAs/links verified; no console errors
SITE-014,Site,/developers,Developers document page,"As a developer visitor, I read the API pitch with the fixture JSON record reveal and continue to signup or docs.",Static server page with metadata 'Developers — ProofShape'; the JSON 'record arriving' reveal is pure CSS (no client JS); closing CTAs 'Get an API key' -> /signup and 'Full API reference' -> /docs.,frontend/src/app/(site)/developers/page.tsx; frontend/src/app/(site)/developers/developers.module.css,UI,RETEST-PASS,,,title OK; CTAs/links verified; no console errors
SITE-015,Site,/api-reference,API reference doorway,"As a developer visitor, I land on the durable API reference doorway and jump to the interactive console.","Metadata 'API Reference - ProofShape'; 'Open API console' is an <a> to /scalar and 'Developer overview' links to /developers; a static <pre> lists the four endpoints (POST /api/v1/validate, POST /api/v1/validate/cost, GET /api/v1/cost-decisions, GET /api/v1/catalog) with Bearer auth note.",frontend/src/app/(site)/api-reference/page.tsx; frontend/src/app/scalar/route.ts,UI,RETEST-PASS,,,title OK; CTAs/links verified; no console errors
SITE-016,Site,/company,Company page + pilot anchor,"As a visitor, I read the mission, the four-week pilot program, why-now, and contact sections, arriving at #pilot from any 'Request a pilot' CTA.",Metadata 'Company — ProofShape'; section id='pilot' has scrollMarginTop so /company#pilot lands below the sticky nav; four WeekCell columns describe the pilot; contact section points to the form (no email address published); chrome via SiteShell.,frontend/src/app/(site)/company/page.tsx; frontend/src/app/(site)/company/company-view.tsx,UI,RETEST-PASS,,,"Title 'Company — ProofShape'; section#pilot has non-zero scroll-margin-top and /company#pilot lands the section in view below the sticky nav; four WeekCell columns present (rendered uppercase 'WEEK 1'..'WEEK 4' — initial automated case-sensitive match was a false positive, verified in page text); no email address published in body; SiteShell chrome; no console errors."
SITE-017,Site,/company#pilot,Pilot request form (real submission),"As a prospective customer, I submit the pilot request form (work email, company, what you make, deployment preference) and receive a durable receipt.","On mount the form GETs /api/pilot/request for a Turnstile site key (submit disabled until ready, and until the Turnstile token exists when a key is configured); submit POSTs JSON {requestId (UUID, reused for retry idempotency), email, company, what, deployment, turnstileToken, website honeypot} to /api/pilot/request, which validates and forwards to the backend /auth/pilot-request; success replaces the form with a 'Request received' status showing receipt 'CV-<id>'; failures show role=alert error text and reset Turnstile. Required-field validation on email/company/what; deployment select offers undecided/cloud/vpc/air-gapped.",frontend/src/app/(site)/company/pilot-form.tsx; frontend/src/app/api/pilot/request/route.ts,UI,RETEST-PASS,,,"GET /api/pilot/request cfg={""turnstileSiteKey"":null}; empty submit blocked by native required validation (email,company,what); deployment opts undecided,cloud,vpc,air-gapped; real POST -> 200; role=status 'Request received' with receipt CV-bd3d4ef9-e4c1-4712-9173-dc90ce9f856b"
SITE-018,Site,/security,Security document page,"As a security reviewer visitor, I read the deployment models (cloud, self-hosted, air-gapped) and data-handling claims.",Metadata 'Security — ProofShape'; no compliance badges; closing CTAs 'Talk to us' -> /company#pilot and 'Self-host it today' -> /developers; chrome via SiteShell.,frontend/src/app/(site)/security/page.tsx,UI,RETEST-PASS,,,title OK; CTAs/links verified; no console errors
SITE-019,Site,/pilot-report,Pilot report artifact page,"As a visitor evaluating a pilot, I read what the closeout report contains (held-out accuracy, floor declaration, decision ledger, next actions).",Metadata 'Pilot Report - ProofShape'; four numbered cards render from a static list; single CTA 'Request a pilot' -> /company#pilot; chrome via SiteShell.,frontend/src/app/(site)/pilot-report/page.tsx,UI,RETEST-PASS,,,title OK; CTAs/links verified; no console errors
SITE-020,Site,/privacy,Privacy notice,"As a visitor, I read how CAD, account, pilot, and usage data are handled.",Metadata 'Privacy - ProofShape'; sections What we collect / How it is used / Retention and deletion; 'Talk to ProofShape' pill links to /company#pilot; also linked from the pilot form's fallback note.,frontend/src/app/(site)/privacy/page.tsx,UI,RETEST-PASS,,,title OK; CTAs/links verified; no console errors
SITE-021,Site,/terms,Terms summary,"As a visitor, I read the public service terms (evidence-not-authority framing, accounts, uploads, pilot terms).","Metadata 'Terms - ProofShape'; static article, no links or CTAs beyond shared nav/footer; reachable from the footer legal row.",frontend/src/app/(site)/terms/page.tsx,UI,RETEST-PASS,,,title OK; CTAs/links verified; no console errors
SITE-022,Site,/dpa,DPA summary,"As a procurement/security visitor, I read DPA availability, subprocessors, and security-review process.",Metadata 'Data Processing Addendum - ProofShape'; static article stating the DPA travels with the pilot and questionnaires go through pilot intake; no form or CTA links in body.,frontend/src/app/(site)/dpa/page.tsx,UI,RETEST-PASS,,,title OK; CTAs/links verified; no console errors
SITE-023,Site,/status,Honest status placeholder,"As a visitor, I check service status and see an explicit statement that no public feed exists yet rather than synthetic uptime.","Metadata 'Status - ProofShape'; three rows (Hosted app, API, Workers) each read 'No public metric feed yet'; no fake green indicators; linked from the footer legal row.",frontend/src/app/(site)/status/page.tsx,UI,RETEST-PASS,,,"Title 'Status - ProofShape'; exactly three rows (Hosted app, API, Workers) each 'No public metric feed yet'; no fake green indicators — the only 'uptime' mention is the honest disclaimer 'ProofShape does not show synthetic uptime' (initial regex hit was a false positive); no console errors."
SITE-024,Site,404 (any unknown route),Not-found page,"As a visitor hitting a bad or private link, I see a branded 404 inside the site chrome and can return home.",not-found.tsx renders inside SiteShell with heading 'That record is not here.' and a 'Back to ProofShape' pill linking to /; nav and footer remain fully functional.,frontend/src/app/not-found.tsx,UI,RETEST-PASS,,,"bogus route -> HTTP 404, branded 'That record is not here.' in SiteShell, Back pill -> /, nav+footer present, Method click routed; only console entry is the expected resource-404"
SITE-025,Site,500 (root error boundary),Root error page,"As a visitor when a page crashes, I see a generic error screen with an error ID and can retry.","Root error boundary captures the exception to Sentry with the digest, shows 'Something went wrong', renders 'Error ID: <digest>' when present, and a 'Try again' button that calls the retry callback to re-render. Note: it uses product UI (Button, light tokens), not the site-theater chrome.",frontend/src/app/error.tsx; frontend/src/app/global-error.tsx,UI,RETEST-PASS,,,"injected toLocaleString crash -> root error boundary 'Something went wrong' with 'Try again' button (client error carries no digest so no Error ID line, as documented 'when present'); cleared fault + Try again re-rendered the working page"
SITE-026,Site,/robots.txt + /sitemap.xml + OG image,SEO/crawl metadata,"As a crawler (or SEO auditor), I fetch robots.txt and sitemap.xml and get the correct public-route inventory.","robots.txt allows the 18 public marketing routes and disallows app/auth routes (/analyze, /verify, /login, /signup, /settings, etc.), pointing at ${NEXT_PUBLIC_SITE_URL}/sitemap.xml; sitemap.xml lists the same 18 routes with priority 1.0 for home and 0.7 elsewhere; a root opengraph-image.tsx serves the social preview image and the (site) layout supplies the default title/description.",frontend/src/app/robots.ts; frontend/src/app/sitemap.ts; frontend/src/app/opengraph-image.tsx; frontend/src/app/(site)/layout.tsx,UI,RETEST-PASS,,,"robots.txt: 18 Allow (exact public set), 13 Disallow app/auth routes, Sitemap pointer -> http://localhost:3000/sitemap.xml; sitemap.xml: same 18 routes, priority 1 home / 0.7 others; /opengraph-image -> 200 image/png 53631 bytes; layout default title verified on home"
VER-001,Verify,/verify,Auth + organization access gate,"As a signed-in user without an active organization, I want an explicit gate instead of empty data so that I know why org-scoped tools are unavailable.","Layout 404s if VERIFY_UI flag is off and verifySession() enforces login. With no active org the workspace renders OrganizationAccessGate (testid verify-organization-gate) in three honest states: access unavailable (retry link + admin note), memberships-but-none-active ('Choose an active organization'), or no memberships ('Open the invitation link… No organization data has been loaded or treated as empty'), all linking to /settings/organization.",/home/user/cadverify/frontend/src/app/(verify)/layout.tsx; /home/user/cadverify/frontend/src/app/(verify)/verify/page.tsx; /home/user/cadverify/frontend/src/components/verify/verify-app.tsx,UI,RETEST-PASS,,,"Unauth /verify 307s to /login?next=%2Fverify. Membership-less user (fresh account, membership removed in DB): verify-organization-gate renders 'ORGANIZATION REQUIRED / You haven't joined an organization yet…' with invitation guidance, the 'No organization data has been loaded or treated as empty.' honesty line and 2 links to /settings/organization (screenshot RETEST-VER-001-gate.png). Memberships-but-none-active and access-unavailable branches remain defensive-only (backend always resolves the oldest live membership), as in pass 1. VERIFY_UI-off 404 not toggled (shared dev server)."
VER-002,Verify,/verify,Guided first-run welcome dialog,"As a first-time user, I want a 60-second start-here guide so that I pick the fastest path to a first result.","Dialog opens when localStorage proofshape_welcome_v2 is unset or ?welcome=1 (the param is stripped from the URL after opening). Offers four actions: 'Check my CAD file' (opens file picker), 'Show me a real example' (guided sample), 'Create a simple part' (navigates to /designs), 'Set up my shop' (Machines screen). Closing records the storage key; private-browsing storage failure still lets the guide work this visit. 'Start here' button reopens it anytime.",/home/user/cadverify/frontend/src/components/verify/welcome-guide.tsx; /home/user/cadverify/frontend/src/components/verify/verify-app.tsx,UI,RETEST-PASS,,,First-run dialog opened with all four actions; 'Set up my shop' lands on Machines screen; closing records proofshape_welcome_v2=1; no reopen once set; ?welcome=1 reopens and the param is stripped from the URL; 'Start here' button reopens the guide; 'Check my CAD file' opens the native file picker (filechooser event).
VER-003,Verify,/verify,Guided example run + result summary,"As a new user with no file, I want to run a built-in sample through the real engine so that I learn to read the answer before uploading my own CAD.","Runs a deterministic in-browser STL (sample-routing-bracket.stl, 50x40x6mm L-bracket) through the identical POST /validate + /validate/cost pipeline. A status bar (testid guided-example-status) shows running/ready/error ('No completed result was created. Retry the example…'). On success the GuidedResultSummary dialog presents headline, recommended route, first issue with measured/threshold evidence, measured geometry, resource cost (or its honest failure reason), and shop fit — 'Show full technical result' closes into the walk; leaving the screen or starting an own upload cancels the guided lifecycle.",/home/user/cadverify/frontend/src/components/verify/verify-app.tsx; /home/user/cadverify/frontend/src/lib/verify/sample-cad.ts; /home/user/cadverify/frontend/src/components/verify/guided-result-summary.tsx,UI+API,RETEST-PASS,,,"'Run a guided example' drives the real pipeline (POST /validate 200 + POST /validate/cost 200); guided-example-status walks running→ready; GuidedResultSummary shows recommended route, measured geometry, resource cost and shop fit; 'Show full technical result' closes into the walk; leaving via rail navigation cancels the guided lifecycle (status bar gone)."
VER-004,Verify,/verify,CAD drop with unsupported-format rejection,"As an engineer, I want to drop STL/STEP/IGES and be told clearly when a format can't be verified so that no bogus analysis starts.","Accepted extensions: stl, step, stp, iges, igs (input accept + drop zones on Home and stage). An unsupported file (e.g. .sldprt) triggers a role=alert banner (testid verify-upload-rejection): 'SolidWorks files need a STEP export' (or generic guidance), states '<file> was not uploaded… No analysis was started and no record was created', offers 'Choose a STEP export' and dismiss; no network request is made for the rejected file.",/home/user/cadverify/frontend/src/lib/cad-file.ts; /home/user/cadverify/frontend/src/components/verify/verify-app.tsx; /home/user/cadverify/frontend/src/components/verify/home-screen.tsx,UI,RETEST-PASS,,,".sldprt upload → role=alert verify-upload-rejection with SolidWorks-specific 'needs a STEP export' copy, 'was not uploaded… No analysis was started' honesty line, dismiss works; zero network requests fired for the rejected file; input accept='.stl,.step,.stp,.iges,.igs,model/stl,application/step'."
VER-005,Verify,/verify,"Progressive pipeline: DFM first, cost sequential","As an engineer, I want the routing+DFM answer as soon as it lands so that I'm not blocked behind the slower should-cost call.","runVerification POSTs /validate first; when it returns, the FirstInsight card (testid verify-first-insight) shows best route, route-scoped DFM verdict, first issue, and MEASURED geometry chips while POST /validate/cost runs sequentially (never in parallel) with GET /machine-inventory and PUT /part-context/{mesh_hash} alongside. A monotonic run token guarantees a superseded run (new file/material/env mid-flight) never overwrites the newer result.",/home/user/cadverify/frontend/src/lib/verify/run.ts; /home/user/cadverify/frontend/src/components/verify/verify-screen.tsx; /home/user/cadverify/frontend/src/components/verify/verify-app.tsx,UI+API,RETEST-PASS,,,"With validate delayed 1.5s and cost 5s: /validate returned before /validate/cost started (sequential, never parallel); verify-first-insight visible with MEASURED chips while cost still in flight; GET /machine-inventory and PUT /part-context/{sha256} ran alongside; cost completed 200. Run-token supersedence verified in VER-011 rapid material switch."
VER-006,Verify,/verify,Pipeline overlay run states (computing/partial/interrupted/complete),"As a user, I want a five-milestone progress rail so that I always know what the engine actually computed versus withheld.","Overlay narrates received→measured→routed→gates walked→record assembled with per-stage states pending/done/blocked/withheld. Header verdict maps pipelineRunState: computing ('GATES CHECKING IN'), partial while running ('ROUTING + DFM READY · COST CONTINUES') or settled-partial ('PARTIAL RESULT · COST UNAVAILABLE'), interrupted ('INTERRUPTED · NO VERDICT PRODUCED'), complete ('COMPLETE — DETERMINISTIC'). A blocked gate stops the walk and downstream stages read 'not computed past the failed gate'; absent responses render as withheld, never as failures or passes. Dismissible ('Skip to the walk').",/home/user/cadverify/frontend/src/lib/verify/pipeline.ts; /home/user/cadverify/frontend/src/components/verify/pipeline-overlay.tsx,UI,RETEST-PASS,,,"Overlay COMPUTING header 'GATES CHECKING IN' observed; five-milestone rail (received/measured/routed/gates walked/record assembled) narrated; partial state 'ROUTING + DFM READY · COST CALCULATING' observed; dismiss ('Skip to the walk') present in overlay markup on longer runs; geometry-blocked stop and interrupted headers exercised in VER-007/VER-008 (walk stops at failed gate, INTERRUPTED · NO VERDICT PRODUCED)."
VER-007,Verify,/verify,Geometry-invalid gate stop,"As an engineer with a broken mesh, I want the walk to stop at the geometry gate so that no cost or verdict is fabricated from bad geometry.","A 400 with code GEOMETRY_INVALID from POST /validate/cost renders the fail banner 'Geometry invalid — the engine won't guess', a dashed 'THE WALK STOPS AT THE FAILED GATE' block quoting the backend message and any measured facts (faces/watertight/volume) from the refusal payload, plus 'Repair & re-upload'. Downstream steps (materials/physics/cost/decide) do not render.",/home/user/cadverify/frontend/src/lib/verify/run.ts; /home/user/cadverify/frontend/src/components/verify/verify-screen.tsx,UI+API,RETEST-PASS,,,qa-broken.stl → /validate/cost 400 GEOMETRY_INVALID; fail banner 'Geometry invalid — the engine won't guess' + 'THE WALK STOPS AT THE FAILED GATE' block quoting the backend message with measured facts (faces/watertight/volume) and 'Repair & re-upload' CTA; downstream materials/cost/decide steps not rendered.
VER-008,Verify,/verify,Interrupted analysis + cost-only retry,"As a user hit by a transient cost-service outage, I want to retry only the failed costing so that my successful DFM result is preserved.","Nothing returned at all → 'ANALYSIS INTERRUPTED · NO VERDICT PRODUCED' banner with the exact error and 'Retry verification'. Validation ok but no cost → 'DFM <verdict> · RESOURCE COST INTERRUPTED / Routing and DFM are ready. Cost needs another try.' naming the costError and why machine fit is absent, with 'Retry cost only' (retryVerificationCost re-POSTs /validate/cost only, merging onto the preserved result) and 'Rerun full verification'.",/home/user/cadverify/frontend/src/components/verify/verify-screen.tsx; /home/user/cadverify/frontend/src/lib/verify/run.ts; /home/user/cadverify/frontend/src/components/verify/verify-app.tsx,UI+API,RETEST-PASS,,,"Outages induced by client request interception. Total: 'ANALYSIS INTERRUPTED · NO VERDICT PRODUCED' with the exact error and 'Retry verification'. Cost-only: 'RESOURCE COST INTERRUPTED' with exact copy 'Routing and DFM are ready. Cost needs another try.', names the costError and why machine fit is absent, offers both 'Retry cost only' and 'Rerun full verification'. Retry cost only re-POSTed only /validate/cost (validate count unchanged) and merged onto the preserved DFM into a completed walk."
VER-009,Verify,/verify,Makeability verdict banner (lattice or honest not-evaluated),"As a shop owner, I want the verdict driven by the engine's makeability lattice so that DFM never masquerades as a machine-fit answer.","When the cost response carries a verification block, its verdict (makeable_in_house / makeable_with_secondary_op / makeable_not_on_owned / makeable_outsource_only / environment_excluded / not_makeable) drives the banner tone/copy plus should-cost line and best machine. Without the block, the banner branches on what actually ran: 'SHOULD-COST COMPUTED' states explicitly that makeability was 'not evaluated here because no machines and no service conditions are declared'; a DFM-blocked route shows 'Conditional should-cost… not makeable as modeled' with the primary blocker.",/home/user/cadverify/frontend/src/components/verify/verify-screen.tsx; /home/user/cadverify/frontend/src/lib/verify/verification.ts,UI+API,RETEST-PASS,,,"Fresh org, no machines/env: banner 'VERDICT · DFM … · SHOULD-COST COMPUTED' with explicit 'not evaluated here because no machines and no service conditions are declared' copy. With machines declared (VER-012 run) the verification block drove 'Makeable — outsource only' banner with should-cost line and per-route marks."
VER-010,Verify,/verify,Service-conditions door with real persistence round-trip,"As an engineer, I want declared service conditions (120°C, sour H2S, 35 MPa) persisted to the part's record so that costing and material exclusions reflect the real world.","Toggling any env chip re-runs verification: the world is PUT to /part-context/{mesh_hash} (SHA-256 of file bytes, computed in-browser) before POST /validate/cost. The door chip tells the exact truth: '● USER · on the record' only when persistence succeeded, 'drives this preview only (…server error)' when it failed, 'ambient' when undeclared, 'capturing…' while running. Env-excluded materials render struck-through citing the standard (NACE MR0175 / HDT); no strikes states that honestly.",/home/user/cadverify/frontend/src/lib/verify/part-context.ts; /home/user/cadverify/frontend/src/lib/verify/run.ts; /home/user/cadverify/frontend/src/components/verify/verify-screen.tsx,UI+API,RETEST-PASS,,,"120°C chip toggle re-ran verification: PUT /part-context/{sha256} carrying ""max_temp_c"":120 landed before POST /validate/cost; door chip walked capturing… → '● USER · on the record' after successful persistence; induced PUT abort on the 35 MPa toggle → honest 'drives this preview only' chip. Material-exclusion citations (HDT/NACE) present in step-2 copy; ambient state verified pre-toggle."
VER-011,Verify,/verify,Material class selection with provenance and race guard,"As an engineer, I want to switch material class (polymer/aluminum/steel/stainless/titanium) so that the cost re-computes with my declaration, correctly labelled.","Selecting a class re-runs verification with material_class in the /validate/cost form; the provenance chip reads USER only for non-default choices (or CAD when the cost report's material_class assumption says so), else DEFAULT with copy 'uses a default material and ambient service until you declare otherwise'. The monotonic run token ensures rapid re-selection never leaves a stale material's result on screen.",/home/user/cadverify/frontend/src/components/verify/verify-screen.tsx; /home/user/cadverify/frontend/src/components/verify/verify-app.tsx; /home/user/cadverify/frontend/src/lib/verify/run.ts,UI+API,RETEST-PASS,,,"DEFAULT copy 'uses a default material and ambient service until you declare otherwise' before declaration; selecting Steel re-ran cost and the walk shows 'material class steel' with USER provenance; rapid Aluminum→Titanium leaves Titanium displayed (monotonic run token, no stale result)."
VER-012,Verify,/verify,Machine floor + per-route machine fit,"As a shop owner, I want my declared machines compared per-route against the part so that fit is a measured-vs-declared comparison, never a fabricated pass.","Step 1 lists up to 8 machines from GET /machine-inventory with USER provenance and envelope summaries; empty floor shows 'No machines declared' with a 'Declare your floor →' CTA to the Machines screen. Only known engine process ids are forwarded as owned_processes to /validate/cost (unknown ids omitted so the call never 400s). With a verification block, RouteFitBlock renders ✓/✗/? per route with the concrete need-vs-have gap and an 'acquisition gap' line; without it, copy states 'MAKEABILITY NOT EVALUATED — no fit is faked here'. Undeclared capability renders '?', never a pass.",/home/user/cadverify/frontend/src/lib/verify/machine-api.ts; /home/user/cadverify/frontend/src/lib/verify/run.ts; /home/user/cadverify/frontend/src/components/verify/verify-screen.tsx,UI+API,RETEST-PASS,,,"Empty floor: step 1 shows 'No machines declared' with 'Declare your floor →' CTA that opens the Machines screen. Declared cnc_3axis 'QA VF-2' (762×406×508, $85/hr) + sla 'QA Mars 4' via authed proxy (unknown 'thermoforming' now rejected 400 at declaration — engine catalog enforced server-side, so unknown ids can never reach owned_processes; cost stayed 200). Re-run lists machines with USER provenance and envelope summaries '762 × 406 × 508 mm'; verification block returned 'Makeable — outsource only' with per-route ✓/✗ marks and acquisition-gap language; rail rate dot fills once the $85/hr rate exists ('Your shop rates are bound · ● SHOP')."
VER-013,Verify,/verify,Should-cost quantity scrub with crossover and marginal rate,"As a cost engineer, I want to scrub quantity across the engine's computed ladder so that I see make-now vs tooling economics with honest interpolation labels.","The scrub reads the real 6-point ladder [1,100,1000,2000,5000,10000] (a declared annual_volume from part-context replaces the nearest interior point and becomes an exact computed point). Each readout is labelled 'engine-exact', 'interpolated between computed N and M', or 'clamped… not extrapolated'. Crossover qty from decision.crossover_qty marks the axis ('no crossover computed' otherwise). When an owned passing machine declares an hourly rate, the make-now card reads 'OWNED → MARGINAL' naming machine + $/hr with SHOP provenance. The confidence band shows the engine's real low/point/high and 'not shop-validated · n=0' when unvalidated.",/home/user/cadverify/frontend/src/components/verify/verify-screen.tsx; /home/user/cadverify/frontend/src/lib/verify/run.ts; /home/user/cadverify/frontend/src/lib/verify/scrub.ts,UI+API,RETEST-PASS,,,"Default readout 'engine-exact — a computed point'; scrubbed to qty 74 → 'interpolated between computed 1 and 100'; qty 1 edge is engine-exact (a real ladder point, no clamp needed); crossover from decision.crossover_qty marked on the axis ('crossover ≈ 529'); band labelled 'not shop-validated'. Ladder [1,100,1000,2000,5000,10000]; annual_volume replacement verified in pass 1."
VER-014,Verify,/verify,Decision disposition (decide + hallmark),"As a decision owner, I want to record make-inhouse/outside/redesign/acquire with an optional note on the saved cost-decision so that the outcome is auditable.","When the cost report carries saved.id, the persisted disposition + note hydrate via GET /cost-decisions/{id}; choosing/withdrawing/noting calls setCostDecisionDisposition (PATCH) and toasts with the record short-id; failures show 'Decision controls paused — <error>. Nothing was changed.' with Retry. 'Make in-house' is disabled with an explanatory lock while route DFM is blocked. With persistence off, the choice is kept session-only and labelled '(persistence off)'. Choosing Acquire opens the acquisition modal; 'Open the record →' navigates to Records.",/home/user/cadverify/frontend/src/components/verify/verify-screen.tsx; /home/user/cadverify/frontend/src/lib/cost-disposition.ts,UI+API,RETEST-PASS,,,"Choosing 'Make outside' saved via PUT /api/proxy/cost-decisions/{id}/disposition (story says PATCH; PUT is the implemented method, unchanged from pass 1) with toast 'Make outside — saved to cost-decision #01KZA7RR' and status '✓ … saved and auditable'; hydrate GET /cost-decisions/{id} 200; note save toasts 'Outcome note saved…'; induced save outage → 'Decision controls paused — Failed to fetch. Nothing was changed.' with Retry which clears the pause leaving state intact; 'Open the record →' navigates to Records."
VER-015,Verify,/verify,Acquisition consideration modal,"As a shop owner weighing capex, I want the not-owned tooling route framed as a capital question so that I see crossover economics without invented vendor prices.","Opens from the tooling card / Acquire disposition (Esc closes back to the walk). Charts only engine-computed per-quantity unit costs and decision.crossover_qty; the org ranking of 'which acquisition unlocks the most parts' loads from the capability-investment endpoint (fetchCapabilityInvestment). Standalone tool purchase price is explicitly withheld (engine produces no vendor capex); with no cost/decision/tooling route an honest empty state renders, never a fake chart.",/home/user/cadverify/frontend/src/components/verify/acquisition-modal.tsx; /home/user/cadverify/frontend/src/lib/verify/triage-api.ts,UI+API,RETEST-PASS,,,"Opened from the tooling card ('Open acquisition consideration →'); modal charts only engine per-quantity unit costs with crossover economics; 'standalone vendor tool price is not an engine output, so no purchase price is printed' honesty kept; org ranking fetched from /api/proxy/catalog/capability-investment (200); Esc closes back to the walk."
VER-016,Verify,/verify,Ask-the-engine dock with honest refusals,"As a user, I want to query the computed result ('cost drivers at qty 500', 'compare routes') so that I get deterministic engine artifacts, never generated numbers.","The dock is disabled until a cost report exists ('Load a part above…'). parseAsk routes to artifacts: cost-at-qty, compare-routes (refuses when only one route was costed), compare saved decisions (live GET /cost-decisions/compare; refuses when persistence is off or only one record exists, quoting why), explain-verdict, materials, drivers, time, crossover. Any natural-language or non-deterministic ask renders a refusal artifact rather than a fabricated answer.",/home/user/cadverify/frontend/src/components/verify/verify-screen.tsx; /home/user/cadverify/frontend/src/lib/verify/ask.ts,UI+API,RETEST-PASS,,,Dock disabled placeholder 'Load a part above — the engine answers only about a computed part.' without a result; with a result 'cost drivers at qty 500' renders the drivers artifact; 'compare routes' renders the comparison; 'compare saved decisions' does a live GET /cost-decisions/compare (3 calls observed); natural-language ask ('will this survive a drop test?') renders a refusal artifact — no fabricated numbers.
VER-017,Verify,/verify,Assembly upload with per-part analysis,"As an engineer uploading a multi-part STEP assembly, I want the whole rendered in world position with per-part DFM and should-cost so that I inspect each part in context.","STEP/IGES with >=2 solids goes to POST /validate/assembly?format=json (structured model) and ?format=glb (combined render); the single-part /validate/cost path is skipped so no spurious 400 flashes. The heavier per-part analysis (fetchAssemblyAnalysis, ~15s) then populates rows with tree-counted quantity (FACT), DFM verdict, and unit cost — 'analysing per-part…' shown honestly while in flight; a part that fails analysis shows its own error, never a fabricated figure. Selecting a part highlights it on the stage with name + tree path; a new upload revokes the old GLB and run-token guards stale merges. Single solids stay on the unchanged single-part path.",/home/user/cadverify/frontend/src/lib/verify/assembly.ts; /home/user/cadverify/frontend/src/components/verify/verify-app.tsx; /home/user/cadverify/frontend/src/components/verify/assembly-panel.tsx,UI+API,RETEST-PASS,,,"STEP now works (gmsh installed). as1-tu-203.stp (5-solid AS1 assembly, 18 tree occurrences) → POST /validate/assembly?format=json 200 + ?format=glb 200, single-part /validate/cost skipped (no spurious 400). 'ANALYSING PER-PART' status shown honestly; 18 assembly-part-rows populated with tree paths, tree-counted quantities (×1/×2/×6) and unit costs (plate $235.4, l-bracket $178.9, rod $141.3; bolts ≈M12 COTS rows). Row click highlights the part on stage ('◆ selected plate as1/PLATE/plate'). Single-solid qa-cube.step stayed on the single-part path (no assembly calls) and verified normally."
VER-018,Verify,/verify,Part context card (lineage + orphan state),"As a program manager, I want a part's declared lineage (program → assembly → part, units/parent) on the stage so that I see where it lives — or that it has no home yet.","After a run, GET /part-context/{mesh_hash} hydrates the stage context card (testid verify-stage-context): declared parent shows the lineage path and 'N / parent' pill; a 404 is not an error — the card shows 'orphan until declared'; a genuine read failure shows a 'context read failed' pill. A declared annual_volume also reshapes the cost quantity ladder on the next run.",/home/user/cadverify/frontend/src/components/verify/stage.tsx; /home/user/cadverify/frontend/src/lib/verify/part-context-read.ts; /home/user/cadverify/frontend/src/lib/verify/run.ts,UI+API,RETEST-PASS,,,"After the run, GET /part-context/{sha256} hydrates verify-stage-context; with no declared parent the card shows 'CONTEXT · not declared · no parent assembly declared · orphan until declared' (200 with empty context — same honest orphan state as the 404 path; the run's own PUT creates the row). No false error pill. annual_volume ladder reshaping verified in pass 1 and the ladder mechanics re-verified in VER-013."
VER-019,Verify,/verify,Retrieval-grounded identity suggestion,"As a librarian of parts, I want the org's closest prior part suggested with real confidence so that I can confirm identity without the system asserting it as fact.","A grounded identity riding the cost report renders a suggestion card (confidence % + bucket, runner-ups, RETRIEVED provenance); confirming POSTs /identity/confirm with the part's mesh_hash and toasts 'saved to your part library'; 'Not this' dismisses reversibly and offers manual declaration. A non-grounded-but-close match renders a softer low-confidence card; an empty/anonymous corpus renders nothing at all. Confirm without a mesh hash errors 're-verify to confirm'.",/home/user/cadverify/frontend/src/components/verify/verify-screen.tsx; /home/user/cadverify/frontend/src/lib/verify/identity.ts,UI+API,RETEST-PASS,,,"Corpus is seeded (2 QA parts in data/corpus/manifest.jsonl) and retrieval demonstrably runs: the VER-020 imported-plate run rendered the explicit honest line 'No confident match in your part library yet — geometry retrieved 4 prior parts, none confident enough to suggest.' — retrieval executed, below-bar match → NO identity card fabricated (per story: non-grounded/low corpus renders nothing or soft copy, never an assertion). No grounded suggestion reached the confident bar for this org's uploads, so the confirm POST path was not reachable live; confirm/dismiss flows remain code-verified."
VER-020,Verify,/verify?design=…,Design Studio STEP handoff with integrity check,"As a Design Studio user, I want my generated STEP revision to import and verify automatically so that the artifact takes the same untrusted path as a manual upload.","?design=<26-char id>(&revision=N) fetches /api/proxy/designs/{id}/download.step (or /revisions/{N}/download.step), enforces the 100 MB limit, rejects empty bodies, and verifies the SHA-256 of the bytes against the x-geometry-sha256 header before running the normal verification. A status banner walks loading → running → ready (dismissible); invalid ids/revisions or any failure show role=alert with the exact reason and a 'Return to Design Studio' link. Import requires an active organization.",/home/user/cadverify/frontend/src/lib/verify/design-import.ts; /home/user/cadverify/frontend/src/components/verify/verify-app.tsx,UI+API,RETEST-PASS,,,"Design generation now works: POST /api/proxy/designs (plate 80×60×5, 2 holes) → 202, revision reached status=ready with geometry_hash. /verify?design=<id> fetched download.step (200), banner walked 'Imported QA_Retest_Plate.step. Verification is running.' → 'Verification finished.' (dismissible); normal untrusted pipeline ran (validate 200, cost 200) and produced the full verdict walk; on-page Evidence hash equals the revision geometry_hash (51c7179c…48ed) — integrity check passed. Tampered x-geometry-sha256 (route-injected) → role=alert 'The generated STEP artifact failed its integrity check.' with Return to Design Studio. Invalid id → 'That Design Studio link is invalid.'; invalid revision → 'That design revision is invalid.'; nonexistent id → 'The design artifact is not ready (404).' — all with Return links."
VER-021,Verify,/verify (Home screen),Home dashboard with honest unavailable/empty states,"As a returning user, I want a desk of real org data (records, floor, reviews, ground truth) so that loading failures are never presented as empty results.","Home fetches GET /cost-decisions?limit=8, /machine-inventory, governance change-requests, ground-truth, and program portfolio. Any failure raises a role=alert 'Couldn't load <sources>… nothing is being presented as an empty result' with a 'Retry organization data' button, and the affected KPI reads 'RETRY NEEDED'; true empties show dashed empty states ('Nothing in flight', 'n=0 · every band still hatched'). The calibrated-estimates KPI stays permanently withheld ('—') because no list summary can derive it. Start-here grid offers drop/browse CAD (drag-drop supported), guided example, and Design Studio link.",/home/user/cadverify/frontend/src/components/verify/home-screen.tsx; /home/user/cadverify/frontend/src/lib/verify/home-derive.ts,UI+API,RETEST-PASS,,,"Fresh org: dashed 'Nothing in flight.' empty state, 'n=0 · every band still hatched' ground-truth empty, calibrated KPI permanently withheld ('— CALIBRATED ESTIMATES · NO DATA'), start-here grid with drop/browse CAD + guided example + Design Studio link. Induced abort of cost-decisions + machine-inventory → role=alert 'Couldn't load records, machine inventory… nothing is being presented as an empty result' with 'Retry organization data'; KPIs read 'RETRY NEEDED'; retry restores the data and clears the flags."
VER-022,Verify,/verify,"Workspace navigation: hotkeys, palette, rate dot","As a power user, I want keyboard navigation and a command palette so that I can jump between Verify surfaces instantly.","Keys H/V/P/R/G/M/T/C switch surfaces (Home/Verify/Parts/Records/Programs/Machines/Triage/Calibration), '?' opens the shortcuts sheet, Cmd/Ctrl+K toggles the command palette, Esc closes overlays; typing in inputs never triggers nav. ?screen= deep-links a starting surface. The rail's rate dot fills only when GET /machine-inventory shows at least one machine with a finite hourly_rate_usd (hollow while loading/none); a mobile <select> replaces tabs under 760px.",/home/user/cadverify/frontend/src/components/verify/verify-app.tsx; /home/user/cadverify/frontend/src/components/verify/command-surfaces.tsx; /home/user/cadverify/frontend/src/components/verify/shortcuts-overlay.tsx,UI+API,RETEST-PASS,,,H/V/P/R/G/M/T/C hotkey nav confirmed 8/8; '?' opens the shortcuts sheet; Ctrl+K toggles the palette and Esc closes it; typing in the palette input never triggers nav; ?screen=records deep-links; rate dot hollow on a fresh org and fills once a machine declares an hourly rate ('Your shop rates are bound · ● SHOP'); mobile <select> replaces tabs at 700px.
